H-ID,type_id,URI,digitization_of H-ID,IIIF,ARK
45061,126,https://gallica.bnf.fr/ark:/12148/btv1b52518159w,[45047],https://gallica.bnf.fr/iiif/ark:/12148/btv1b52518159w/manifest.json,ark:/12148/btv1b52518159w
46308,126,https://dlib.gnm.de/item/Hs18423/1,[46306],,
46350,126,http://hdl.handle.net/1887.1/item:1606657,[46346],https://digitalcollections.universiteitleiden.nl/iiif_manifest/item%3A1606657/manifest,
46358,126,https://opac.kbr.be/LIBRARY/doc/SYRACUSE/15937847,[46354],,
46400,126,https://archieven.stadsarchief.breda.nl/detail.php?nav_id=0-1&id=2134430&index=0&volgnummer=1&thumb_page=0,[46398],,
46420,126,http://diglib.hab.de/mss/87-4-aug-2f/start.htm,[45214],,
46425,126,https://arca.irht.cnrs.fr/ark:/63955/r8qd0wfpqllt,[46426],https://api.irht.cnrs.fr/ark:/63955/f02i4yq0bqc6/manifest.json,
46432,126,https://gallica.bnf.fr/ark:/12148/btv1b6000093b,[46430],https://gallica.bnf.fr/iiif/ark:/12148/btv1b6000093b/manifest.json,
46439,126,https://arca.irht.cnrs.fr/ark:/63955/r1caulvrij9b,[45398],https://api.irht.cnrs.fr/ark:/63955/fbxnqpmavxoy/manifest.json,ark:/63955/md386h44167c
46440,126,https://arca.irht.cnrs.fr/ark:/63955/md61rf560k98,[45825],https://api.irht.cnrs.fr/ark:/63955/f1u1c2qzz36r/manifest.json,ark:/63955/rd7d9ybjq0d6
46441,126,https://arca.irht.cnrs.fr/ark:/63955/md96k0698t4m,[45305],,ark:/63955/rtqiqlw9m7ri
46442,126,https://arca.irht.cnrs.fr/ark:/63955/md51hh63tb9p,[45301],,ark:/63955/rn0dzi8cyn1p
46443,126,https://arca.irht.cnrs.fr/ark:/63955/md44pk02cp9r,[45535],,ark:/63955/r8mw2xyz4nsn
46444,126,https://arca.irht.cnrs.fr/ark:/63955/md05fb494b8r,[45092],https://api.irht.cnrs.fr/ark:/63955/fm1qf2sogniy/manifest.json,ark:/63955/raca5mt8i4yl
46445,126,https://arca.irht.cnrs.fr/ark:/63955/md311n79h92f,[45096],https://api.irht.cnrs.fr/ark:/63955/f4k8n4c0uiol/manifest.json,ark:/63955/rp3c6birql9s
46446,126,https://arca.irht.cnrs.fr/ark:/63955/md29b5644w8v,[45097],https://api.irht.cnrs.fr/ark:/63955/fjl7tzxusdbq/manifest.json,ark:/63955/rbqvqsdpow05
46447,126,https://arca.irht.cnrs.fr/ark:/63955/md64gm80j238,[45241],,ark:/63955/rwxfrp22i9e7
46448,126,https://arca.irht.cnrs.fr/ark:/63955/md3976539k0f,[45090],https://api.irht.cnrs.fr/ark:/63955/f5lvl6ustz08/manifest.json,ark:/63955/r5np02xa597h
46449,126,https://arca.irht.cnrs.fr/ark:/63955/md236108xk76,[45802],,ark:/63955/r3ky7jcpx7v3
46450,126,https://arca.irht.cnrs.fr/ark:/63955/md236108vq2f,[45533],,ark:/63955/rre07z2qo40s
46451,126,https://arca.irht.cnrs.fr/ark:/63955/md11kh04f81h,[45675],,ark:/63955/r232xo92f33j
46452,126,https://arca.irht.cnrs.fr/ark:/63955/md7634851v8k,[45406],https://api.irht.cnrs.fr/ark:/63955/fdnija8ex78p/manifest.json,ark:/63955/r5etunati8xk
46453,126,https://arca.irht.cnrs.fr/ark:/63955/md246q18666r,[45180],https://api.irht.cnrs.fr/ark:/63955/feltxw079qwq/manifest.json,ark:/63955/rwn55txxx5z8
46454,126,https://arca.irht.cnrs.fr/ark:/63955/md16c247dw2t,[45245],https://api.irht.cnrs.fr/ark:/63955/fvmpo5o6wwg5/manifest.json,ark:/63955/rfw6lj26pntc
46456,126,https://arca.irht.cnrs.fr/ark:/63955/md96k069bh58,[45334],https://api.irht.cnrs.fr/ark:/63955/ft2hqvix1ana/manifest.json,ark:/63955/rbmtpsxgfsap
46458,126,https://arca.irht.cnrs.fr/ark:/63955/md02c821jz93,[46130],https://api.irht.cnrs.fr/ark:/63955/fnp2wafykgpj/manifest.json,ark:/63955/rzg5zmh9ie61
46459,126,https://arca.irht.cnrs.fr/ark:/63955/md19s1786m3w,[45318],https://api.irht.cnrs.fr/ark:/63955/fdxq2pig2p1i/manifest.json,ark:/63955/r7icbu7sbz40
46460,126,https://arca.irht.cnrs.fr/ark:/63955/md225999nj13,[45297],,ark:/63955/rcfx0auqbgta
46461,126,https://arca.irht.cnrs.fr/ark:/63955/md95w6634n3v,[45262],,ark:/63955/rd4lsoyz6ilb
46464,126,https://arca.irht.cnrs.fr/ark:/63955/md09w0892c9t,[45081],https://api.irht.cnrs.fr/ark:/63955/fwvkx5ah7jgx/manifest.json,ark:/63955/realu7144mqs
46465,126,https://arca.irht.cnrs.fr/ark:/63955/md0000000265,[45239],,ark:/63955/reynm7galdbl
46466,126,https://arca.irht.cnrs.fr/ark:/63955/md300z708z8g,[45315],https://api.irht.cnrs.fr/ark:/63955/fr1dgmfio4zw/manifest.json,ark:/63955/rg0v4s861jeq
46467,126,https://arca.irht.cnrs.fr/ark:/63955/md27zk51vz58,[45230],https://api.irht.cnrs.fr/ark:/63955/fmnhmg9ac3d1/manifest.json,ark:/63955/recsz5itptcn
46468,126,https://arca.irht.cnrs.fr/ark:/63955/md892801q151,[45397],https://api.irht.cnrs.fr/ark:/63955/fbnt5nlifrfp/manifest.json,ark:/63955/ryyottflfhpf
46469,126,https://arca.irht.cnrs.fr/ark:/63955/md86nz808648,[45307],,ark:/63955/r8rjmgslqm8v
46470,126,https://arca.irht.cnrs.fr/ark:/63955/md268336h32b,[45270],https://api.irht.cnrs.fr/ark:/63955/fsvzptwicviq/manifest.json,ark:/63955/rrk4apjsuacs
46472,126,https://arca.irht.cnrs.fr/ark:/63955/md741r66jh8d,[45539],,ark:/63955/r0w97ptb2x7o
46473,126,https://arca.irht.cnrs.fr/ark:/63955/md30bv73cd38,[45399],https://api.irht.cnrs.fr/ark:/63955/fyze81p70u45/manifest.json,ark:/63955/rpbirqm2v94w
46474,126,https://arca.irht.cnrs.fr/ark:/63955/md763484zr8d,[45095],https://api.irht.cnrs.fr/ark:/63955/fofe7a9l4mkv/manifest.json,ark:/63955/rmy52703xz1n
46475,126,https://arca.irht.cnrs.fr/ark:/63955/md58pc289p0f,[46157],https://api.irht.cnrs.fr/ark:/63955/fh1zl64n4gdz/manifest.json,ark:/63955/rpwew5ytjt8w
46476,126,https://arca.irht.cnrs.fr/ark:/63955/md73pv63g408,[46125],,ark:/63955/r0sme861cqkg
46477,126,https://arca.irht.cnrs.fr/ark:/63955/md9673666g7t,[45179],,ark:/63955/r78cpr2lwz6g
46478,126,https://arca.irht.cnrs.fr/ark:/63955/md268336kj4q,[45088],https://api.irht.cnrs.fr/ark:/63955/f235y38rcfgp/manifest.json,ark:/63955/rbd8iiiukd34
46479,126,https://arca.irht.cnrs.fr/ark:/63955/md655d86p718,[45094],https://api.irht.cnrs.fr/ark:/63955/fezrhsbzwb1y/manifest.json,ark:/63955/rid093ogewps
46480,126,https://arca.irht.cnrs.fr/ark:/63955/md171v53k18q,[45091],,ark:/63955/r14y59jdg1r4
46481,126,https://arca.irht.cnrs.fr/ark:/63955/md38w950539k,[45240],,ark:/63955/rw0qmq50tbyi
46491,126,https://arca.irht.cnrs.fr/ark:/63955/md66j0990g7r,[45416],https://api.irht.cnrs.fr/ark:/63955/f2sef3yqcnf6/manifest.json,ark:/63955/rs4iyh8ic844
46492,126,https://arca.irht.cnrs.fr/ark:/63955/md11xd07gr9f,[45317],https://api.irht.cnrs.fr/ark:/63955/ffht38nixxse/manifest.json,ark:/63955/rurd5dkrwudh
46493,126,https://arca.irht.cnrs.fr/ark:/63955/md67wm11b33n,[45304],https://api.irht.cnrs.fr/ark:/63955/fudxtafxgrik/manifest.json,ark:/63955/rh4clkxcz1g8
46495,126,https://arca.irht.cnrs.fr/ark:/63955/md386h44167c,[45398],https://api.irht.cnrs.fr/ark:/63955/fbxnqpmavxoy/manifest.json,ark:/63955/r1caulvrij9b
46496,126,https://arca.irht.cnrs.fr/ark:/63955/md935138jx27,[45405],https://api.irht.cnrs.fr/ark:/63955/fge0ms9tgbfd/manifest.json,ark:/63955/rly4hqh494pw
46505,126,https://gallica.bnf.fr/ark:/12148/btv1b525104185,[45661],https://gallica.bnf.fr/iiif/ark:/12148/btv1b525104185/manifest.json,ark:/12148/btv1b525104185
46506,126,https://gallica.bnf.fr/ark:/12148/btv1b8550858n,[45785],https://gallica.bnf.fr/iiif/ark:/12148/btv1b8550858n/manifest.json,ark:/12148/btv1b8550858n
46507,126,https://gallica.bnf.fr/ark:/12148/btv1b8527593d,[45786],https://gallica.bnf.fr/iiif/ark:/12148/btv1b8527593d/manifest.json,ark:/12148/btv1b8527593d
46508,126,https://gallica.bnf.fr/ark:/12148/btv1b85275920,[45787],https://gallica.bnf.fr/iiif/ark:/12148/btv1b85275920/manifest.json,ark:/12148/btv1b85275920
46509,126,https://gallica.bnf.fr/ark:/12148/btv1b6000616m,[45788],https://gallica.bnf.fr/iiif/ark:/12148/btv1b6000616m/manifest.json,ark:/12148/btv1b6000616m
46510,126,https://gallica.bnf.fr/ark:/12148/btv1b10545223x,[45789],https://gallica.bnf.fr/iiif/ark:/12148/btv1b10545223x/manifest.json,ark:/12148/btv1b10545223x
46511,126,https://gallica.bnf.fr/ark:/12148/btv1b90096502,[45790],https://gallica.bnf.fr/iiif/ark:/12148/btv1b90096502/manifest.json,ark:/12148/btv1b90096502
46512,126,https://gallica.bnf.fr/ark:/12148/btv1b9059134m,[45792],https://gallica.bnf.fr/iiif/ark:/12148/btv1b9059134m/manifest.json,ark:/12148/btv1b9059134m
46513,126,https://gallica.bnf.fr/ark:/12148/btv1b9059530b,[45793],https://gallica.bnf.fr/iiif/ark:/12148/btv1b9059530b/manifest.json,ark:/12148/btv1b9059530b
46514,126,https://gallica.bnf.fr/ark:/12148/btv1b8454670d,[45794],https://gallica.bnf.fr/iiif/ark:/12148/btv1b8454670d/manifest.json,ark:/12148/btv1b8454670d
46515,126,https://gallica.bnf.fr/ark:/12148/btv1b84478715,[45795],https://gallica.bnf.fr/iiif/ark:/12148/btv1b84478715/manifest.json,ark:/12148/btv1b84478715
46516,126,https://gallica.bnf.fr/ark:/12148/btv1b55003999w,[45662],https://gallica.bnf.fr/iiif/ark:/12148/btv1b55003999w/manifest.json,ark:/12148/btv1b55003999w
46517,126,https://gallica.bnf.fr/ark:/12148/btv1b10510339r,[45796],https://gallica.bnf.fr/iiif/ark:/12148/btv1b10510339r/manifest.json,ark:/12148/btv1b10510339r
46518,126,https://gallica.bnf.fr/ark:/12148/btv1b8514422s,[45797],https://gallica.bnf.fr/iiif/ark:/12148/btv1b8514422s/manifest.json,ark:/12148/btv1b8514422s
46519,126,https://gallica.bnf.fr/ark:/12148/btv1b84584343,[45798],https://gallica.bnf.fr/iiif/ark:/12148/btv1b84584343/manifest.json,ark:/12148/btv1b84584343
46520,126,https://gallica.bnf.fr/ark:/12148/btv1b10537237h,[45799],https://gallica.bnf.fr/iiif/ark:/12148/btv1b10537237h/manifest.json,ark:/12148/btv1b10537237h
46521,126,https://gallica.bnf.fr/ark:/12148/btv1b9058313t,[45800],https://gallica.bnf.fr/iiif/ark:/12148/btv1b9058313t/manifest.json,ark:/12148/btv1b9058313t
46522,126,https://gallica.bnf.fr/ark:/12148/btv1b90637202,[45801],https://gallica.bnf.fr/iiif/ark:/12148/btv1b90637202/manifest.json,ark:/12148/btv1b90637202
46523,126,https://gallica.bnf.fr/ark:/12148/btv1b90580821,[45803],https://gallica.bnf.fr/iiif/ark:/12148/btv1b90580821/manifest.json,ark:/12148/btv1b90580821
46524,126,https://gallica.bnf.fr/ark:/12148/btv1b9063185b,[45804],https://gallica.bnf.fr/iiif/ark:/12148/btv1b9063185b/manifest.json,ark:/12148/btv1b9063185b
46525,126,https://gallica.bnf.fr/ark:/12148/btv1b9063751m,[45805],https://gallica.bnf.fr/iiif/ark:/12148/btv1b9063751m/manifest.json,ark:/12148/btv1b9063751m
46526,126,https://gallica.bnf.fr/ark:/12148/btv1b60002590,[45806],https://gallica.bnf.fr/iiif/ark:/12148/btv1b60002590/manifest.json,ark:/12148/btv1b60002590
46527,126,https://gallica.bnf.fr/ark:/12148/btv1b55001676w,[45664],https://gallica.bnf.fr/iiif/ark:/12148/btv1b55001676w/manifest.json,ark:/12148/btv1b55001676w
46528,126,https://gallica.bnf.fr/ark:/12148/btv1b9058947p,[45807],https://gallica.bnf.fr/iiif/ark:/12148/btv1b9058947p/manifest.json,ark:/12148/btv1b9058947p
46529,126,https://gallica.bnf.fr/ark:/12148/btv1b53196526r,[45808],https://gallica.bnf.fr/iiif/ark:/12148/btv1b53196526r/manifest.json,ark:/12148/btv1b53196526r
46530,126,https://gallica.bnf.fr/ark:/12148/btv1b90635100,[45809],https://gallica.bnf.fr/iiif/ark:/12148/btv1b90635100/manifest.json,ark:/12148/btv1b90635100
46531,126,https://gallica.bnf.fr/ark:/12148/btv1b9060848j,[45810],https://gallica.bnf.fr/iiif/ark:/12148/btv1b9060848j/manifest.json,ark:/12148/btv1b9060848j
46532,126,https://gallica.bnf.fr/ark:/12148/btv1b107213177,[45811],https://gallica.bnf.fr/iiif/ark:/12148/btv1b107213177/manifest.json,ark:/12148/btv1b107213177
46533,126,https://gallica.bnf.fr/ark:/12148/btv1b10032778d,[45812],https://gallica.bnf.fr/iiif/ark:/12148/btv1b10032778d/manifest.json,ark:/12148/btv1b10032778d
46534,126,https://gallica.bnf.fr/ark:/12148/btv1b90590845,[45814],https://gallica.bnf.fr/iiif/ark:/12148/btv1b90590845/manifest.json,ark:/12148/btv1b90590845
46535,126,https://gallica.bnf.fr/ark:/12148/btv1b525128401,[45815],https://gallica.bnf.fr/iiif/ark:/12148/btv1b525128401/manifest.json,ark:/12148/btv1b525128401
46536,126,https://gallica.bnf.fr/ark:/12148/btv1b90598964,[45816],https://gallica.bnf.fr/iiif/ark:/12148/btv1b90598964/manifest.json,ark:/12148/btv1b90598964
46537,126,https://gallica.bnf.fr/ark:/12148/btv1b9061692k,[45817],https://gallica.bnf.fr/iiif/ark:/12148/btv1b9061692k/manifest.json,ark:/12148/btv1b9061692k
46538,126,https://gallica.bnf.fr/ark:/12148/btv1b7100331q,[45665],https://gallica.bnf.fr/iiif/ark:/12148/btv1b7100331q/manifest.json,ark:/12148/btv1b7100331q
46539,126,https://gallica.bnf.fr/ark:/12148/btv1b90591425,[45818],https://gallica.bnf.fr/iiif/ark:/12148/btv1b90591425/manifest.json,ark:/12148/btv1b90591425
46540,126,https://gallica.bnf.fr/ark:/12148/btv1b107231677,[45819],https://gallica.bnf.fr/iiif/ark:/12148/btv1b107231677/manifest.json,ark:/12148/btv1b107231677
46541,126,https://gallica.bnf.fr/ark:/12148/btv1b10084206z,[45820],https://gallica.bnf.fr/iiif/ark:/12148/btv1b10084206z/manifest.json,ark:/12148/btv1b10084206z
46542,126,https://gallica.bnf.fr/ark:/12148/btv1b9006877g,[45821],https://gallica.bnf.fr/iiif/ark:/12148/btv1b9006877g/manifest.json,ark:/12148/btv1b9006877g
46543,126,https://gallica.bnf.fr/ark:/12148/btv1b90609640,[45822],https://gallica.bnf.fr/iiif/ark:/12148/btv1b90609640/manifest.json,ark:/12148/btv1b90609640
46544,126,https://gallica.bnf.fr/ark:/12148/btv1b90615215,[45823],https://gallica.bnf.fr/iiif/ark:/12148/btv1b90615215/manifest.json,ark:/12148/btv1b90615215
46545,126,https://gallica.bnf.fr/ark:/12148/btv1b9061107h,[45826],https://gallica.bnf.fr/iiif/ark:/12148/btv1b9061107h/manifest.json,ark:/12148/btv1b9061107h
46546,126,https://gallica.bnf.fr/ark:/12148/btv1b105494321,[45827],https://gallica.bnf.fr/iiif/ark:/12148/btv1b105494321/manifest.json,ark:/12148/btv1b105494321
46547,126,https://gallica.bnf.fr/ark:/12148/btv1b9061633q,[45828],https://gallica.bnf.fr/iiif/ark:/12148/btv1b9061633q/manifest.json,ark:/12148/btv1b9061633q
46548,126,https://gallica.bnf.fr/ark:/12148/btv1b90633050,[45829],https://gallica.bnf.fr/iiif/ark:/12148/btv1b90633050/manifest.json,ark:/12148/btv1b90633050
46549,126,https://gallica.bnf.fr/ark:/12148/btv1b8426778v,[45666],https://gallica.bnf.fr/iiif/ark:/12148/btv1b8426778v/manifest.json,ark:/12148/btv1b8426778v
46550,126,https://gallica.bnf.fr/ark:/12148/btv1b9060922n,[45830],https://gallica.bnf.fr/iiif/ark:/12148/btv1b9060922n/manifest.json,ark:/12148/btv1b9060922n
46551,126,https://gallica.bnf.fr/ark:/12148/btv1b60003511,[45831],https://gallica.bnf.fr/iiif/ark:/12148/btv1b60003511/manifest.json,ark:/12148/btv1b60003511
46552,126,https://gallica.bnf.fr/ark:/12148/btv1b90580769,[45832],https://gallica.bnf.fr/iiif/ark:/12148/btv1b90580769/manifest.json,ark:/12148/btv1b90580769
46553,126,https://gallica.bnf.fr/ark:/12148/btv1b90581119,[45833],https://gallica.bnf.fr/iiif/ark:/12148/btv1b90581119/manifest.json,ark:/12148/btv1b90581119
46554,126,https://gallica.bnf.fr/ark:/12148/btv1b8468308j,[45834],https://gallica.bnf.fr/iiif/ark:/12148/btv1b8468308j/manifest.json,ark:/12148/btv1b8468308j
46555,126,https://gallica.bnf.fr/ark:/12148/btv1b10509758f,[45835],https://gallica.bnf.fr/iiif/ark:/12148/btv1b10509758f/manifest.json,ark:/12148/btv1b10509758f
46556,126,https://gallica.bnf.fr/ark:/12148/btv1b9058848r,[45837],https://gallica.bnf.fr/iiif/ark:/12148/btv1b9058848r/manifest.json,ark:/12148/btv1b9058848r
46557,126,https://gallica.bnf.fr/ark:/12148/btv1b6000803p,[45838],https://gallica.bnf.fr/iiif/ark:/12148/btv1b6000803p/manifest.json,ark:/12148/btv1b6000803p
46558,126,https://gallica.bnf.fr/ark:/12148/btv1b9058801b,[45839],https://gallica.bnf.fr/iiif/ark:/12148/btv1b9058801b/manifest.json,ark:/12148/btv1b9058801b
46559,126,https://gallica.bnf.fr/ark:/12148/btv1b9062000k,[45840],https://gallica.bnf.fr/iiif/ark:/12148/btv1b9062000k/manifest.json,ark:/12148/btv1b9062000k
46560,126,https://gallica.bnf.fr/ark:/12148/btv1b55000507q,[45668],https://gallica.bnf.fr/iiif/ark:/12148/btv1b55000507q/manifest.json,ark:/12148/btv1b55000507q
46561,126,https://gallica.bnf.fr/ark:/12148/btv1b90600941,[45841],https://gallica.bnf.fr/iiif/ark:/12148/btv1b90600941/manifest.json,ark:/12148/btv1b90600941
46562,126,https://gallica.bnf.fr/ark:/12148/btv1b9058093t,[45842],https://gallica.bnf.fr/iiif/ark:/12148/btv1b9058093t/manifest.json,ark:/12148/btv1b9058093t
46563,126,https://gallica.bnf.fr/ark:/12148/btv1b90073668,[45843],https://gallica.bnf.fr/iiif/ark:/12148/btv1b90073668/manifest.json,ark:/12148/btv1b90073668
46564,126,https://gallica.bnf.fr/ark:/12148/btv1b9058846x,[45844],https://gallica.bnf.fr/iiif/ark:/12148/btv1b9058846x/manifest.json,ark:/12148/btv1b9058846x
46565,126,https://gallica.bnf.fr/ark:/12148/btv1b9059344p,[45845],https://gallica.bnf.fr/iiif/ark:/12148/btv1b9059344p/manifest.json,ark:/12148/btv1b9059344p
46566,126,https://gallica.bnf.fr/ark:/12148/btv1b9059081x,[45846],https://gallica.bnf.fr/iiif/ark:/12148/btv1b9059081x/manifest.json,ark:/12148/btv1b9059081x
46567,126,https://gallica.bnf.fr/ark:/12148/btv1b9058887v,[45848],https://gallica.bnf.fr/iiif/ark:/12148/btv1b9058887v/manifest.json,ark:/12148/btv1b9058887v
46568,126,https://gallica.bnf.fr/ark:/12148/btv1b90590400,[45849],https://gallica.bnf.fr/iiif/ark:/12148/btv1b90590400/manifest.json,ark:/12148/btv1b90590400
46569,126,https://gallica.bnf.fr/ark:/12148/btv1b9058110w,[45850],https://gallica.bnf.fr/iiif/ark:/12148/btv1b9058110w/manifest.json,ark:/12148/btv1b9058110w
46570,126,https://gallica.bnf.fr/ark:/12148/btv1b105096493,[45851],https://gallica.bnf.fr/iiif/ark:/12148/btv1b105096493/manifest.json,ark:/12148/btv1b105096493
46571,126,https://gallica.bnf.fr/ark:/12148/btv1b550005011,[45670],https://gallica.bnf.fr/iiif/ark:/12148/btv1b550005011/manifest.json,ark:/12148/btv1b550005011
46572,126,https://gallica.bnf.fr/ark:/12148/btv1b10549433g,[45852],https://gallica.bnf.fr/iiif/ark:/12148/btv1b10549433g/manifest.json,ark:/12148/btv1b10549433g
46573,126,https://gallica.bnf.fr/ark:/12148/btv1b9059827w,[45853],https://gallica.bnf.fr/iiif/ark:/12148/btv1b9059827w/manifest.json,ark:/12148/btv1b9059827w
46574,126,https://gallica.bnf.fr/ark:/12148/btv1b90096717,[45854],https://gallica.bnf.fr/iiif/ark:/12148/btv1b90096717/manifest.json,ark:/12148/btv1b90096717
46575,126,https://gallica.bnf.fr/ark:/12148/btv1b9009541r,[45855],https://gallica.bnf.fr/iiif/ark:/12148/btv1b9009541r/manifest.json,ark:/12148/btv1b9009541r
46576,126,https://gallica.bnf.fr/ark:/12148/btv1b52503704t,[45856],https://gallica.bnf.fr/iiif/ark:/12148/btv1b52503704t/manifest.json,ark:/12148/btv1b52503704t
46577,126,https://gallica.bnf.fr/ark:/12148/btv1b9059584w,[45857],https://gallica.bnf.fr/iiif/ark:/12148/btv1b9059584w/manifest.json,ark:/12148/btv1b9059584w
46578,126,https://gallica.bnf.fr/ark:/12148/btv1b10029507d,[45859],https://gallica.bnf.fr/iiif/ark:/12148/btv1b10029507d/manifest.json,ark:/12148/btv1b10029507d
46579,126,https://gallica.bnf.fr/ark:/12148/btv1b90616930,[45860],https://gallica.bnf.fr/iiif/ark:/12148/btv1b90616930/manifest.json,ark:/12148/btv1b90616930
46580,126,https://gallica.bnf.fr/ark:/12148/btv1b90588940,[45861],https://gallica.bnf.fr/iiif/ark:/12148/btv1b90588940/manifest.json,ark:/12148/btv1b90588940
46581,126,https://gallica.bnf.fr/ark:/12148/btv1b52513251z,[45862],https://gallica.bnf.fr/iiif/ark:/12148/btv1b52513251z/manifest.json,ark:/12148/btv1b52513251z
46582,126,https://gallica.bnf.fr/ark:/12148/btv1b7100011x,[45671],https://gallica.bnf.fr/iiif/ark:/12148/btv1b7100011x/manifest.json,ark:/12148/btv1b7100011x
46583,126,https://gallica.bnf.fr/ark:/12148/btv1b52511599n,[45863],https://gallica.bnf.fr/iiif/ark:/12148/btv1b52511599n/manifest.json,ark:/12148/btv1b52511599n
46584,126,https://gallica.bnf.fr/ark:/12148/btv1b532472022,[45864],https://gallica.bnf.fr/iiif/ark:/12148/btv1b532472022/manifest.json,ark:/12148/btv1b532472022
46585,126,https://gallica.bnf.fr/ark:/12148/btv1b8490062n,[45865],https://gallica.bnf.fr/iiif/ark:/12148/btv1b8490062n/manifest.json,ark:/12148/btv1b8490062n
46586,126,https://gallica.bnf.fr/ark:/12148/btv1b90069238,[45866],https://gallica.bnf.fr/iiif/ark:/12148/btv1b90069238/manifest.json,ark:/12148/btv1b90069238
46587,126,https://gallica.bnf.fr/ark:/12148/btv1b9058847b,[45867],https://gallica.bnf.fr/iiif/ark:/12148/btv1b9058847b/manifest.json,ark:/12148/btv1b9058847b
46588,126,https://gallica.bnf.fr/ark:/12148/btv1b60005205,[45868],https://gallica.bnf.fr/iiif/ark:/12148/btv1b60005205/manifest.json,ark:/12148/btv1b60005205
46589,126,https://gallica.bnf.fr/ark:/12148/btv1b90589112,[45870],https://gallica.bnf.fr/iiif/ark:/12148/btv1b90589112/manifest.json,ark:/12148/btv1b90589112
46590,126,https://gallica.bnf.fr/ark:/12148/btv1b10720646t,[45871],https://gallica.bnf.fr/iiif/ark:/12148/btv1b10720646t/manifest.json,ark:/12148/btv1b10720646t
46591,126,https://gallica.bnf.fr/ark:/12148/btv1b9059067n,[45872],https://gallica.bnf.fr/iiif/ark:/12148/btv1b9059067n/manifest.json,ark:/12148/btv1b9059067n
46592,126,https://gallica.bnf.fr/ark:/12148/btv1b6000415h,[45874],https://gallica.bnf.fr/iiif/ark:/12148/btv1b6000415h/manifest.json,ark:/12148/btv1b6000415h
46593,126,https://gallica.bnf.fr/ark:/12148/btv1b52503009d,[45674],https://gallica.bnf.fr/iiif/ark:/12148/btv1b52503009d/manifest.json,ark:/12148/btv1b52503009d
46594,126,https://gallica.bnf.fr/ark:/12148/btv1b9058278t,[45876],https://gallica.bnf.fr/iiif/ark:/12148/btv1b9058278t/manifest.json,ark:/12148/btv1b9058278t
46595,126,https://gallica.bnf.fr/ark:/12148/btv1b60005272,[45877],https://gallica.bnf.fr/iiif/ark:/12148/btv1b60005272/manifest.json,ark:/12148/btv1b60005272
46596,126,https://gallica.bnf.fr/ark:/12148/btv1b104650798,"[45878, 47602]",https://gallica.bnf.fr/iiif/ark:/12148/btv1b104650798/manifest.json,ark:/12148/btv1b104650798
46597,126,https://gallica.bnf.fr/ark:/12148/btv1b84478730,[45879],https://gallica.bnf.fr/iiif/ark:/12148/btv1b84478730/manifest.json,ark:/12148/btv1b84478730
46598,126,https://gallica.bnf.fr/ark:/12148/btv1b90632292,[45881],https://gallica.bnf.fr/iiif/ark:/12148/btv1b90632292/manifest.json,ark:/12148/btv1b90632292
46599,126,https://gallica.bnf.fr/ark:/12148/btv1b10533299h,[45882],https://gallica.bnf.fr/iiif/ark:/12148/btv1b10533299h/manifest.json,ark:/12148/btv1b10533299h
46600,126,https://gallica.bnf.fr/ark:/12148/btv1b6000108b,[45884],https://gallica.bnf.fr/iiif/ark:/12148/btv1b6000108b/manifest.json,ark:/12148/btv1b6000108b
46601,126,https://gallica.bnf.fr/ark:/12148/btv1b9058942m,[45886],https://gallica.bnf.fr/iiif/ark:/12148/btv1b9058942m/manifest.json,ark:/12148/btv1b9058942m
46602,126,https://gallica.bnf.fr/ark:/12148/btv1b52505724b,[45887],https://gallica.bnf.fr/iiif/ark:/12148/btv1b52505724b/manifest.json,ark:/12148/btv1b52505724b
46603,126,https://gallica.bnf.fr/ark:/12148/btv1b10525469d,[45888],https://gallica.bnf.fr/iiif/ark:/12148/btv1b10525469d/manifest.json,ark:/12148/btv1b10525469d
46604,126,https://gallica.bnf.fr/ark:/12148/btv1b52513074c,[45676],https://gallica.bnf.fr/iiif/ark:/12148/btv1b52513074c/manifest.json,ark:/12148/btv1b52513074c
46605,126,https://gallica.bnf.fr/ark:/12148/btv1b60004128,[45889],https://gallica.bnf.fr/iiif/ark:/12148/btv1b60004128/manifest.json,ark:/12148/btv1b60004128
46606,126,https://gallica.bnf.fr/ark:/12148/btv1b10525823k,[45890],https://gallica.bnf.fr/iiif/ark:/12148/btv1b10525823k/manifest.json,ark:/12148/btv1b10525823k
46607,126,https://gallica.bnf.fr/ark:/12148/btv1b6000409s,[45892],https://gallica.bnf.fr/iiif/ark:/12148/btv1b6000409s/manifest.json,ark:/12148/btv1b6000409s
46608,126,https://gallica.bnf.fr/ark:/12148/btv1b9059656x,[45893],https://gallica.bnf.fr/iiif/ark:/12148/btv1b9059656x/manifest.json,ark:/12148/btv1b9059656x
46609,126,https://gallica.bnf.fr/ark:/12148/btv1b90071922,[45894],https://gallica.bnf.fr/iiif/ark:/12148/btv1b90071922/manifest.json,ark:/12148/btv1b90071922
46610,126,https://gallica.bnf.fr/ark:/12148/btv1b9059660t,[45895],https://gallica.bnf.fr/iiif/ark:/12148/btv1b9059660t/manifest.json,ark:/12148/btv1b9059660t
46611,126,https://gallica.bnf.fr/ark:/12148/btv1b90599544,[45896],https://gallica.bnf.fr/iiif/ark:/12148/btv1b90599544/manifest.json,ark:/12148/btv1b90599544
46612,126,https://gallica.bnf.fr/ark:/12148/btv1b90588532,[45897],https://gallica.bnf.fr/iiif/ark:/12148/btv1b90588532/manifest.json,ark:/12148/btv1b90588532
46613,126,https://gallica.bnf.fr/ark:/12148/btv1b90599774,[45898],https://gallica.bnf.fr/iiif/ark:/12148/btv1b90599774/manifest.json,ark:/12148/btv1b90599774
46614,126,https://gallica.bnf.fr/ark:/12148/btv1b10507221g,[45899],https://gallica.bnf.fr/iiif/ark:/12148/btv1b10507221g/manifest.json,ark:/12148/btv1b10507221g
46615,126,https://gallica.bnf.fr/ark:/12148/btv1b550081732,[45644],https://gallica.bnf.fr/iiif/ark:/12148/btv1b550081732/manifest.json,ark:/12148/btv1b550081732
46616,126,https://gallica.bnf.fr/ark:/12148/btv1b10467114m,[45682],https://gallica.bnf.fr/iiif/ark:/12148/btv1b10467114m/manifest.json,ark:/12148/btv1b10467114m
46617,126,https://gallica.bnf.fr/ark:/12148/btv1b90593186,[45900],https://gallica.bnf.fr/iiif/ark:/12148/btv1b90593186/manifest.json,ark:/12148/btv1b90593186
46618,126,https://gallica.bnf.fr/ark:/12148/btv1b9009686p,[45901],https://gallica.bnf.fr/iiif/ark:/12148/btv1b9009686p/manifest.json,ark:/12148/btv1b9009686p
46619,126,https://gallica.bnf.fr/ark:/12148/btv1b9059692s,[45903],https://gallica.bnf.fr/iiif/ark:/12148/btv1b9059692s/manifest.json,ark:/12148/btv1b9059692s
46620,126,https://gallica.bnf.fr/ark:/12148/btv1b9007463c,[45904],https://gallica.bnf.fr/iiif/ark:/12148/btv1b9007463c/manifest.json,ark:/12148/btv1b9007463c
46621,126,https://gallica.bnf.fr/ark:/12148/btv1b105101697,[45905],https://gallica.bnf.fr/iiif/ark:/12148/btv1b105101697/manifest.json,ark:/12148/btv1b105101697
46622,126,https://gallica.bnf.fr/ark:/12148/btv1b9061047p,[45906],https://gallica.bnf.fr/iiif/ark:/12148/btv1b9061047p/manifest.json,ark:/12148/btv1b9061047p
46623,126,https://gallica.bnf.fr/ark:/12148/btv1b90610520,[45907],https://gallica.bnf.fr/iiif/ark:/12148/btv1b90610520/manifest.json,ark:/12148/btv1b90610520
46624,126,https://gallica.bnf.fr/ark:/12148/btv1b85144251,[45908],https://gallica.bnf.fr/iiif/ark:/12148/btv1b85144251/manifest.json,ark:/12148/btv1b85144251
46625,126,https://gallica.bnf.fr/ark:/12148/btv1b9007612r,[45909],https://gallica.bnf.fr/iiif/ark:/12148/btv1b9007612r/manifest.json,ark:/12148/btv1b9007612r
46626,126,https://gallica.bnf.fr/ark:/12148/btv1b9063366p,[45910],https://gallica.bnf.fr/iiif/ark:/12148/btv1b9063366p/manifest.json,ark:/12148/btv1b9063366p
46627,126,https://gallica.bnf.fr/ark:/12148/btv1b52503762d,[45685],https://gallica.bnf.fr/iiif/ark:/12148/btv1b52503762d/manifest.json,ark:/12148/btv1b52503762d
46628,126,https://gallica.bnf.fr/ark:/12148/btv1b52500664w,[45911],https://gallica.bnf.fr/iiif/ark:/12148/btv1b52500664w/manifest.json,ark:/12148/btv1b52500664w
46629,126,https://gallica.bnf.fr/ark:/12148/btv1b8427283r,[45912],https://gallica.bnf.fr/iiif/ark:/12148/btv1b8427283r/manifest.json,ark:/12148/btv1b8427283r
46630,126,https://gallica.bnf.fr/ark:/12148/btv1b9057314x,[45914],https://gallica.bnf.fr/iiif/ark:/12148/btv1b9057314x/manifest.json,ark:/12148/btv1b9057314x
46631,126,https://gallica.bnf.fr/ark:/12148/btv1b9063126g,[45915],https://gallica.bnf.fr/iiif/ark:/12148/btv1b9063126g/manifest.json,ark:/12148/btv1b9063126g
46632,126,https://gallica.bnf.fr/ark:/12148/btv1b90592873,[45916],https://gallica.bnf.fr/iiif/ark:/12148/btv1b90592873/manifest.json,ark:/12148/btv1b90592873
46633,126,https://gallica.bnf.fr/ark:/12148/btv1b9058992h,[45917],https://gallica.bnf.fr/iiif/ark:/12148/btv1b9058992h/manifest.json,ark:/12148/btv1b9058992h
46634,126,https://gallica.bnf.fr/ark:/12148/btv1b90598289,[45918],https://gallica.bnf.fr/iiif/ark:/12148/btv1b90598289/manifest.json,ark:/12148/btv1b90598289
46635,126,https://gallica.bnf.fr/ark:/12148/btv1b10535158q,[45919],https://gallica.bnf.fr/iiif/ark:/12148/btv1b10535158q/manifest.json,ark:/12148/btv1b10535158q
46636,126,https://gallica.bnf.fr/ark:/12148/btv1b90617013,[45920],https://gallica.bnf.fr/iiif/ark:/12148/btv1b90617013/manifest.json,ark:/12148/btv1b90617013
46637,126,https://gallica.bnf.fr/ark:/12148/btv1b10033665m,[45921],https://gallica.bnf.fr/iiif/ark:/12148/btv1b10033665m/manifest.json,ark:/12148/btv1b10033665m
46638,126,https://gallica.bnf.fr/ark:/12148/btv1b55000503x,[45686],https://gallica.bnf.fr/iiif/ark:/12148/btv1b55000503x/manifest.json,ark:/12148/btv1b55000503x
46639,126,https://gallica.bnf.fr/ark:/12148/btv1b90583481,[45922],https://gallica.bnf.fr/iiif/ark:/12148/btv1b90583481/manifest.json,ark:/12148/btv1b90583481
46640,126,https://gallica.bnf.fr/ark:/12148/btv1b90588354,[45923],https://gallica.bnf.fr/iiif/ark:/12148/btv1b90588354/manifest.json,ark:/12148/btv1b90588354
46641,126,https://gallica.bnf.fr/ark:/12148/btv1b10510319x,[45925],https://gallica.bnf.fr/iiif/ark:/12148/btv1b10510319x/manifest.json,ark:/12148/btv1b10510319x
46642,126,https://gallica.bnf.fr/ark:/12148/btv1b10721305x,[45926],https://gallica.bnf.fr/iiif/ark:/12148/btv1b10721305x/manifest.json,ark:/12148/btv1b10721305x
46643,126,https://gallica.bnf.fr/ark:/12148/btv1b85275905,[45928],https://gallica.bnf.fr/iiif/ark:/12148/btv1b85275905/manifest.json,ark:/12148/btv1b85275905
46644,126,https://gallica.bnf.fr/ark:/12148/btv1b8527591k,[45929],https://gallica.bnf.fr/iiif/ark:/12148/btv1b8527591k/manifest.json,ark:/12148/btv1b8527591k
46645,126,https://gallica.bnf.fr/ark:/12148/btv1b90600192,[45930],https://gallica.bnf.fr/iiif/ark:/12148/btv1b90600192/manifest.json,ark:/12148/btv1b90600192
46646,126,https://gallica.bnf.fr/ark:/12148/btv1b52503108b,[45931],https://gallica.bnf.fr/iiif/ark:/12148/btv1b52503108b/manifest.json,ark:/12148/btv1b52503108b
46647,126,https://gallica.bnf.fr/ark:/12148/btv1b105103154,[45932],https://gallica.bnf.fr/iiif/ark:/12148/btv1b105103154/manifest.json,ark:/12148/btv1b105103154
46648,126,https://gallica.bnf.fr/ark:/12148/btv1b90581438,[45933],https://gallica.bnf.fr/iiif/ark:/12148/btv1b90581438/manifest.json,ark:/12148/btv1b90581438
46649,126,https://gallica.bnf.fr/ark:/12148/btv1b550071656,[45687],https://gallica.bnf.fr/iiif/ark:/12148/btv1b550071656/manifest.json,ark:/12148/btv1b550071656
46650,126,https://gallica.bnf.fr/ark:/12148/btv1b520004567,[45934],https://gallica.bnf.fr/iiif/ark:/12148/btv1b520004567/manifest.json,ark:/12148/btv1b520004567
46651,126,https://gallica.bnf.fr/ark:/12148/btv1b8419243k,[45937],https://gallica.bnf.fr/iiif/ark:/12148/btv1b8419243k/manifest.json,ark:/12148/btv1b8419243k
46652,126,https://gallica.bnf.fr/ark:/12148/btv1b52503846r,[45938],https://gallica.bnf.fr/iiif/ark:/12148/btv1b52503846r/manifest.json,ark:/12148/btv1b52503846r
46653,126,https://gallica.bnf.fr/ark:/12148/btv1b52505676x,[45939],https://gallica.bnf.fr/iiif/ark:/12148/btv1b52505676x/manifest.json,ark:/12148/btv1b52505676x
46654,126,https://gallica.bnf.fr/ark:/12148/btv1b90636800,[45940],https://gallica.bnf.fr/iiif/ark:/12148/btv1b90636800/manifest.json,ark:/12148/btv1b90636800
46655,126,https://gallica.bnf.fr/ark:/12148/btv1b52513332z,[45942],https://gallica.bnf.fr/iiif/ark:/12148/btv1b52513332z/manifest.json,ark:/12148/btv1b52513332z
46656,126,https://gallica.bnf.fr/ark:/12148/btv1b90621888,[45943],https://gallica.bnf.fr/iiif/ark:/12148/btv1b90621888/manifest.json,ark:/12148/btv1b90621888
46657,126,https://gallica.bnf.fr/ark:/12148/btv1b9062189p,[45944],https://gallica.bnf.fr/iiif/ark:/12148/btv1b9062189p/manifest.json,ark:/12148/btv1b9062189p
46658,126,https://gallica.bnf.fr/ark:/12148/btv1b9060530t,[45945],https://gallica.bnf.fr/iiif/ark:/12148/btv1b9060530t/manifest.json,ark:/12148/btv1b9060530t
46659,126,https://gallica.bnf.fr/ark:/12148/btv1b6000418r,[45946],https://gallica.bnf.fr/iiif/ark:/12148/btv1b6000418r/manifest.json,ark:/12148/btv1b6000418r
46660,126,https://gallica.bnf.fr/ark:/12148/btv1b55006678h,[45688],https://gallica.bnf.fr/iiif/ark:/12148/btv1b55006678h/manifest.json,ark:/12148/btv1b55006678h
46661,126,https://gallica.bnf.fr/ark:/12148/btv1b52503875j,[45948],https://gallica.bnf.fr/iiif/ark:/12148/btv1b52503875j/manifest.json,ark:/12148/btv1b52503875j
46662,126,https://gallica.bnf.fr/ark:/12148/btv1b105065252,[45949],https://gallica.bnf.fr/iiif/ark:/12148/btv1b105065252/manifest.json,ark:/12148/btv1b105065252
46663,126,https://gallica.bnf.fr/ark:/12148/btv1b52513516p,[45950],https://gallica.bnf.fr/iiif/ark:/12148/btv1b52513516p/manifest.json,ark:/12148/btv1b52513516p
46664,126,https://gallica.bnf.fr/ark:/12148/btv1b90640110,[45951],https://gallica.bnf.fr/iiif/ark:/12148/btv1b90640110/manifest.json,ark:/12148/btv1b90640110
46665,126,https://gallica.bnf.fr/ark:/12148/btv1b10549436t,[45952],https://gallica.bnf.fr/iiif/ark:/12148/btv1b10549436t/manifest.json,ark:/12148/btv1b10549436t
46666,126,https://gallica.bnf.fr/ark:/12148/btv1b10033611r,[45953],https://gallica.bnf.fr/iiif/ark:/12148/btv1b10033611r/manifest.json,ark:/12148/btv1b10033611r
46667,126,https://gallica.bnf.fr/ark:/12148/btv1b90594352,[45954],https://gallica.bnf.fr/iiif/ark:/12148/btv1b90594352/manifest.json,ark:/12148/btv1b90594352
46668,126,https://gallica.bnf.fr/ark:/12148/btv1b9063679b,[45955],https://gallica.bnf.fr/iiif/ark:/12148/btv1b9063679b/manifest.json,ark:/12148/btv1b9063679b
46669,126,https://gallica.bnf.fr/ark:/12148/btv1b9063357q,[45956],https://gallica.bnf.fr/iiif/ark:/12148/btv1b9063357q/manifest.json,ark:/12148/btv1b9063357q
46670,126,https://gallica.bnf.fr/ark:/12148/btv1b8527594t,[45957],https://gallica.bnf.fr/iiif/ark:/12148/btv1b8527594t/manifest.json,ark:/12148/btv1b8527594t
46671,126,https://gallica.bnf.fr/ark:/12148/btv1b55006679z,[45693],https://gallica.bnf.fr/iiif/ark:/12148/btv1b55006679z/manifest.json,ark:/12148/btv1b55006679z
46672,126,https://gallica.bnf.fr/ark:/12148/btv1b85275957,[45959],https://gallica.bnf.fr/iiif/ark:/12148/btv1b85275957/manifest.json,ark:/12148/btv1b85275957
46673,126,https://gallica.bnf.fr/ark:/12148/btv1b104658206,[45960],https://gallica.bnf.fr/iiif/ark:/12148/btv1b104658206/manifest.json,ark:/12148/btv1b104658206
46674,126,https://gallica.bnf.fr/ark:/12148/btv1b52506756t,[45961],https://gallica.bnf.fr/iiif/ark:/12148/btv1b52506756t/manifest.json,ark:/12148/btv1b52506756t
46675,126,https://gallica.bnf.fr/ark:/12148/btv1b9059154c,[45962],https://gallica.bnf.fr/iiif/ark:/12148/btv1b9059154c/manifest.json,ark:/12148/btv1b9059154c
46676,126,https://gallica.bnf.fr/ark:/12148/btv1b10023009b,[45963],https://gallica.bnf.fr/iiif/ark:/12148/btv1b10023009b/manifest.json,ark:/12148/btv1b10023009b
46677,126,https://gallica.bnf.fr/ark:/12148/btv1b10510337v,[45964],https://gallica.bnf.fr/iiif/ark:/12148/btv1b10510337v/manifest.json,ark:/12148/btv1b10510337v
46678,126,https://gallica.bnf.fr/ark:/12148/btv1b9058903h,[45965],https://gallica.bnf.fr/iiif/ark:/12148/btv1b9058903h/manifest.json,ark:/12148/btv1b9058903h
46679,126,https://gallica.bnf.fr/ark:/12148/btv1b10509725v,[45966],https://gallica.bnf.fr/iiif/ark:/12148/btv1b10509725v/manifest.json,ark:/12148/btv1b10509725v
46680,126,https://gallica.bnf.fr/ark:/12148/btv1b52511544b,[45967],https://gallica.bnf.fr/iiif/ark:/12148/btv1b52511544b/manifest.json,ark:/12148/btv1b52511544b
46681,126,https://gallica.bnf.fr/ark:/12148/btv1b90605547,[45968],https://gallica.bnf.fr/iiif/ark:/12148/btv1b90605547/manifest.json,ark:/12148/btv1b90605547
46682,126,https://gallica.bnf.fr/ark:/12148/btv1b55001677b,[45695],https://gallica.bnf.fr/iiif/ark:/12148/btv1b55001677b/manifest.json,ark:/12148/btv1b55001677b
46683,126,https://gallica.bnf.fr/ark:/12148/btv1b52505520s,[45970],https://gallica.bnf.fr/iiif/ark:/12148/btv1b52505520s/manifest.json,ark:/12148/btv1b52505520s
46684,126,https://gallica.bnf.fr/ark:/12148/btv1b9059173q,[45971],https://gallica.bnf.fr/iiif/ark:/12148/btv1b9059173q/manifest.json,ark:/12148/btv1b9059173q
46685,126,https://gallica.bnf.fr/ark:/12148/btv1b9007157m,[45972],https://gallica.bnf.fr/iiif/ark:/12148/btv1b9007157m/manifest.json,ark:/12148/btv1b9007157m
46686,126,https://gallica.bnf.fr/ark:/12148/btv1b10723855k,[45973],https://gallica.bnf.fr/iiif/ark:/12148/btv1b10723855k/manifest.json,ark:/12148/btv1b10723855k
46687,126,https://gallica.bnf.fr/ark:/12148/btv1b9063733p,[45974],https://gallica.bnf.fr/iiif/ark:/12148/btv1b9063733p/manifest.json,ark:/12148/btv1b9063733p
46688,126,https://gallica.bnf.fr/ark:/12148/btv1b9061349j,[45975],https://gallica.bnf.fr/iiif/ark:/12148/btv1b9061349j/manifest.json,ark:/12148/btv1b9061349j
46689,126,https://gallica.bnf.fr/ark:/12148/btv1b9058908k,[45976],https://gallica.bnf.fr/iiif/ark:/12148/btv1b9058908k/manifest.json,ark:/12148/btv1b9058908k
46690,126,https://gallica.bnf.fr/ark:/12148/btv1b90593401,[45977],https://gallica.bnf.fr/iiif/ark:/12148/btv1b90593401/manifest.json,ark:/12148/btv1b90593401
46691,126,https://gallica.bnf.fr/ark:/12148/btv1b90593453,[45978],https://gallica.bnf.fr/iiif/ark:/12148/btv1b90593453/manifest.json,ark:/12148/btv1b90593453
46692,126,https://gallica.bnf.fr/ark:/12148/btv1b8454675g,[45979],https://gallica.bnf.fr/iiif/ark:/12148/btv1b8454675g/manifest.json,ark:/12148/btv1b8454675g
46693,126,https://gallica.bnf.fr/ark:/12148/btv1b52514362j,[45696],https://gallica.bnf.fr/iiif/ark:/12148/btv1b52514362j/manifest.json,ark:/12148/btv1b52514362j
46694,126,https://gallica.bnf.fr/ark:/12148/btv1b9058889p,[45981],https://gallica.bnf.fr/iiif/ark:/12148/btv1b9058889p/manifest.json,ark:/12148/btv1b9058889p
46695,126,https://gallica.bnf.fr/ark:/12148/btv1b10549431k,[45982],https://gallica.bnf.fr/iiif/ark:/12148/btv1b10549431k/manifest.json,ark:/12148/btv1b10549431k
46696,126,https://gallica.bnf.fr/ark:/12148/btv1b9009672n,[45984],https://gallica.bnf.fr/iiif/ark:/12148/btv1b9009672n/manifest.json,ark:/12148/btv1b9009672n
46697,126,https://gallica.bnf.fr/ark:/12148/btv1b9059123t,[45985],https://gallica.bnf.fr/iiif/ark:/12148/btv1b9059123t/manifest.json,ark:/12148/btv1b9059123t
46698,126,https://gallica.bnf.fr/ark:/12148/btv1b9059120k,[45986],https://gallica.bnf.fr/iiif/ark:/12148/btv1b9059120k/manifest.json,ark:/12148/btv1b9059120k
46699,126,https://gallica.bnf.fr/ark:/12148/btv1b10502007v,[45987],https://gallica.bnf.fr/iiif/ark:/12148/btv1b10502007v/manifest.json,ark:/12148/btv1b10502007v
46700,126,https://gallica.bnf.fr/ark:/12148/btv1b9063108j,[45989],https://gallica.bnf.fr/iiif/ark:/12148/btv1b9063108j/manifest.json,ark:/12148/btv1b9063108j
46701,126,https://gallica.bnf.fr/ark:/12148/btv1b9060526x,[45990],https://gallica.bnf.fr/iiif/ark:/12148/btv1b9060526x/manifest.json,ark:/12148/btv1b9060526x
46702,126,https://gallica.bnf.fr/ark:/12148/btv1b60006868,[45992],https://gallica.bnf.fr/iiif/ark:/12148/btv1b60006868/manifest.json,ark:/12148/btv1b60006868
46703,126,https://gallica.bnf.fr/ark:/12148/btv1b9063668j,[45993],https://gallica.bnf.fr/iiif/ark:/12148/btv1b9063668j/manifest.json,ark:/12148/btv1b9063668j
46704,126,https://gallica.bnf.fr/ark:/12148/btv1b550005068,[45699],https://gallica.bnf.fr/iiif/ark:/12148/btv1b550005068/manifest.json,ark:/12148/btv1b550005068
46705,126,https://gallica.bnf.fr/ark:/12148/btv1b90589416,[45994],https://gallica.bnf.fr/iiif/ark:/12148/btv1b90589416/manifest.json,ark:/12148/btv1b90589416
46706,126,https://gallica.bnf.fr/ark:/12148/btv1b8514424m,[45995],https://gallica.bnf.fr/iiif/ark:/12148/btv1b8514424m/manifest.json,ark:/12148/btv1b8514424m
46707,126,https://gallica.bnf.fr/ark:/12148/btv1b85144236,[45996],https://gallica.bnf.fr/iiif/ark:/12148/btv1b85144236/manifest.json,ark:/12148/btv1b85144236
46708,126,https://gallica.bnf.fr/ark:/12148/btv1b100336071,[45997],https://gallica.bnf.fr/iiif/ark:/12148/btv1b100336071/manifest.json,ark:/12148/btv1b100336071
46709,126,https://gallica.bnf.fr/ark:/12148/btv1b52504852q,[45998],https://gallica.bnf.fr/iiif/ark:/12148/btv1b52504852q/manifest.json,ark:/12148/btv1b52504852q
46710,126,https://gallica.bnf.fr/ark:/12148/btv1b9007234z,[45999],https://gallica.bnf.fr/iiif/ark:/12148/btv1b9007234z/manifest.json,ark:/12148/btv1b9007234z
46711,126,https://gallica.bnf.fr/ark:/12148/btv1b9059956z,[46000],https://gallica.bnf.fr/iiif/ark:/12148/btv1b9059956z/manifest.json,ark:/12148/btv1b9059956z
46712,126,https://gallica.bnf.fr/ark:/12148/btv1b9059153z,[46001],https://gallica.bnf.fr/iiif/ark:/12148/btv1b9059153z/manifest.json,ark:/12148/btv1b9059153z
46713,126,https://gallica.bnf.fr/ark:/12148/btv1b90595162,[46003],https://gallica.bnf.fr/iiif/ark:/12148/btv1b90595162/manifest.json,ark:/12148/btv1b90595162
46714,126,https://gallica.bnf.fr/ark:/12148/btv1b55013464t,[46004],https://gallica.bnf.fr/iiif/ark:/12148/btv1b55013464t/manifest.json,ark:/12148/btv1b55013464t
46715,126,https://gallica.bnf.fr/ark:/12148/btv1b104671135,[45700],https://gallica.bnf.fr/iiif/ark:/12148/btv1b104671135/manifest.json,ark:/12148/btv1b104671135
46716,126,https://gallica.bnf.fr/ark:/12148/btv1b90596061,[46005],https://gallica.bnf.fr/iiif/ark:/12148/btv1b90596061/manifest.json,ark:/12148/btv1b90596061
46717,126,https://gallica.bnf.fr/ark:/12148/btv1b90599848,[46006],https://gallica.bnf.fr/iiif/ark:/12148/btv1b90599848/manifest.json,ark:/12148/btv1b90599848
46718,126,https://gallica.bnf.fr/ark:/12148/btv1b9058079j,[46007],https://gallica.bnf.fr/iiif/ark:/12148/btv1b9058079j/manifest.json,ark:/12148/btv1b9058079j
46719,126,https://gallica.bnf.fr/ark:/12148/btv1b9059916f,[46008],https://gallica.bnf.fr/iiif/ark:/12148/btv1b9059916f/manifest.json,ark:/12148/btv1b9059916f
46720,126,https://gallica.bnf.fr/ark:/12148/btv1b9063772s,[46010],https://gallica.bnf.fr/iiif/ark:/12148/btv1b9063772s/manifest.json,ark:/12148/btv1b9063772s
46721,126,https://gallica.bnf.fr/ark:/12148/btv1b90614405,[46011],https://gallica.bnf.fr/iiif/ark:/12148/btv1b90614405/manifest.json,ark:/12148/btv1b90614405
46722,126,https://gallica.bnf.fr/ark:/12148/btv1b90596988,[46012],https://gallica.bnf.fr/iiif/ark:/12148/btv1b90596988/manifest.json,ark:/12148/btv1b90596988
46723,126,https://gallica.bnf.fr/ark:/12148/btv1b10032781p,[46014],https://gallica.bnf.fr/iiif/ark:/12148/btv1b10032781p/manifest.json,ark:/12148/btv1b10032781p
46724,126,https://gallica.bnf.fr/ark:/12148/btv1b90590363,[46015],https://gallica.bnf.fr/iiif/ark:/12148/btv1b90590363/manifest.json,ark:/12148/btv1b90590363
46725,126,https://gallica.bnf.fr/ark:/12148/btv1b10520635d,[46016],https://gallica.bnf.fr/iiif/ark:/12148/btv1b10520635d/manifest.json,ark:/12148/btv1b10520635d
46726,126,https://gallica.bnf.fr/ark:/12148/btv1b52509007k,[45648],https://gallica.bnf.fr/iiif/ark:/12148/btv1b52509007k/manifest.json,ark:/12148/btv1b52509007k
46727,126,https://gallica.bnf.fr/ark:/12148/btv1b10468710f,[45701],https://gallica.bnf.fr/iiif/ark:/12148/btv1b10468710f/manifest.json,ark:/12148/btv1b10468710f
46728,126,https://gallica.bnf.fr/ark:/12148/btv1b52505349w,[46017],https://gallica.bnf.fr/iiif/ark:/12148/btv1b52505349w/manifest.json,ark:/12148/btv1b52505349w
46729,126,https://gallica.bnf.fr/ark:/12148/btv1b90597034,[46018],https://gallica.bnf.fr/iiif/ark:/12148/btv1b90597034/manifest.json,ark:/12148/btv1b90597034
46730,126,https://gallica.bnf.fr/ark:/12148/btv1b10720619x,[46019],https://gallica.bnf.fr/iiif/ark:/12148/btv1b10720619x/manifest.json,ark:/12148/btv1b10720619x
46731,126,https://gallica.bnf.fr/ark:/12148/btv1b90580947,[46020],https://gallica.bnf.fr/iiif/ark:/12148/btv1b90580947/manifest.json,ark:/12148/btv1b90580947
46732,126,https://gallica.bnf.fr/ark:/12148/btv1b52507115s,[46021],https://gallica.bnf.fr/iiif/ark:/12148/btv1b52507115s/manifest.json,ark:/12148/btv1b52507115s
46733,126,https://gallica.bnf.fr/ark:/12148/btv1b9060898f,[46022],https://gallica.bnf.fr/iiif/ark:/12148/btv1b9060898f/manifest.json,ark:/12148/btv1b9060898f
46734,126,https://gallica.bnf.fr/ark:/12148/btv1b9059208g,[46023],https://gallica.bnf.fr/iiif/ark:/12148/btv1b9059208g/manifest.json,ark:/12148/btv1b9059208g
46735,126,https://gallica.bnf.fr/ark:/12148/btv1b105253083,[46025],https://gallica.bnf.fr/iiif/ark:/12148/btv1b105253083/manifest.json,ark:/12148/btv1b105253083
46736,126,https://gallica.bnf.fr/ark:/12148/btv1b90633265,[46026],https://gallica.bnf.fr/iiif/ark:/12148/btv1b90633265/manifest.json,ark:/12148/btv1b90633265
46737,126,https://gallica.bnf.fr/ark:/12148/btv1b9059015x,[46027],https://gallica.bnf.fr/iiif/ark:/12148/btv1b9059015x/manifest.json,ark:/12148/btv1b9059015x
46738,126,https://gallica.bnf.fr/ark:/12148/btv1b10032891g,[45704],https://gallica.bnf.fr/iiif/ark:/12148/btv1b10032891g/manifest.json,ark:/12148/btv1b10032891g
46739,126,https://gallica.bnf.fr/ark:/12148/btv1b90069809,[46028],https://gallica.bnf.fr/iiif/ark:/12148/btv1b90069809/manifest.json,ark:/12148/btv1b90069809
46740,126,https://gallica.bnf.fr/ark:/12148/btv1b9060645m,[46029],https://gallica.bnf.fr/iiif/ark:/12148/btv1b9060645m/manifest.json,ark:/12148/btv1b9060645m
46741,126,https://gallica.bnf.fr/ark:/12148/btv1b52513529f,[46030],https://gallica.bnf.fr/iiif/ark:/12148/btv1b52513529f/manifest.json,ark:/12148/btv1b52513529f
46742,126,https://gallica.bnf.fr/ark:/12148/btv1b9059912s,[46031],https://gallica.bnf.fr/iiif/ark:/12148/btv1b9059912s/manifest.json,ark:/12148/btv1b9059912s
46743,126,https://gallica.bnf.fr/ark:/12148/btv1b90075236,[46032],https://gallica.bnf.fr/iiif/ark:/12148/btv1b90075236/manifest.json,ark:/12148/btv1b90075236
46744,126,https://gallica.bnf.fr/ark:/12148/btv1b90606446,[46033],https://gallica.bnf.fr/iiif/ark:/12148/btv1b90606446/manifest.json,ark:/12148/btv1b90606446
46745,126,https://gallica.bnf.fr/ark:/12148/btv1b105380786,[46034],https://gallica.bnf.fr/iiif/ark:/12148/btv1b105380786/manifest.json,ark:/12148/btv1b105380786
46746,126,https://gallica.bnf.fr/ark:/12148/btv1b9059486c,[46036],https://gallica.bnf.fr/iiif/ark:/12148/btv1b9059486c/manifest.json,ark:/12148/btv1b9059486c
46747,126,https://gallica.bnf.fr/ark:/12148/btv1b105097608,[46037],https://gallica.bnf.fr/iiif/ark:/12148/btv1b105097608/manifest.json,ark:/12148/btv1b105097608
46748,126,https://gallica.bnf.fr/ark:/12148/btv1b90593579,[46038],https://gallica.bnf.fr/iiif/ark:/12148/btv1b90593579/manifest.json,ark:/12148/btv1b90593579
46749,126,https://gallica.bnf.fr/ark:/12148/btv1b10537355t,[45707],https://gallica.bnf.fr/iiif/ark:/12148/btv1b10537355t/manifest.json,ark:/12148/btv1b10537355t
46750,126,https://gallica.bnf.fr/ark:/12148/btv1b90595325,[46039],https://gallica.bnf.fr/iiif/ark:/12148/btv1b90595325/manifest.json,ark:/12148/btv1b90595325
46751,126,https://gallica.bnf.fr/ark:/12148/btv1b9058124x,[46040],https://gallica.bnf.fr/iiif/ark:/12148/btv1b9058124x/manifest.json,ark:/12148/btv1b9058124x
46752,126,https://gallica.bnf.fr/ark:/12148/btv1b52517821c,[46041],https://gallica.bnf.fr/iiif/ark:/12148/btv1b52517821c/manifest.json,ark:/12148/btv1b52517821c
46753,126,https://gallica.bnf.fr/ark:/12148/btv1b90094860,[46042],https://gallica.bnf.fr/iiif/ark:/12148/btv1b90094860/manifest.json,ark:/12148/btv1b90094860
46754,126,https://gallica.bnf.fr/ark:/12148/btv1b10721207f,[46043],https://gallica.bnf.fr/iiif/ark:/12148/btv1b10721207f/manifest.json,ark:/12148/btv1b10721207f
46755,126,https://gallica.bnf.fr/ark:/12148/btv1b9060960b,[46044],https://gallica.bnf.fr/iiif/ark:/12148/btv1b9060960b/manifest.json,ark:/12148/btv1b9060960b
46756,126,https://gallica.bnf.fr/ark:/12148/btv1b10549434x,[46045],https://gallica.bnf.fr/iiif/ark:/12148/btv1b10549434x/manifest.json,ark:/12148/btv1b10549434x
46757,126,https://gallica.bnf.fr/ark:/12148/btv1b9060811h,[46048],https://gallica.bnf.fr/iiif/ark:/12148/btv1b9060811h/manifest.json,ark:/12148/btv1b9060811h
46758,126,https://gallica.bnf.fr/ark:/12148/btv1b100324481,[46049],https://gallica.bnf.fr/iiif/ark:/12148/btv1b100324481/manifest.json,ark:/12148/btv1b100324481
46759,126,https://gallica.bnf.fr/ark:/12148/btv1b90659471,[46050],https://gallica.bnf.fr/iiif/ark:/12148/btv1b90659471/manifest.json,ark:/12148/btv1b90659471
46760,126,https://gallica.bnf.fr/ark:/12148/btv1b10549440j,[45708],https://gallica.bnf.fr/iiif/ark:/12148/btv1b10549440j/manifest.json,ark:/12148/btv1b10549440j
46761,126,https://gallica.bnf.fr/ark:/12148/btv1b10090071s,[46051],https://gallica.bnf.fr/iiif/ark:/12148/btv1b10090071s/manifest.json,ark:/12148/btv1b10090071s
46762,126,https://gallica.bnf.fr/ark:/12148/btv1b52519057z,[46052],https://gallica.bnf.fr/iiif/ark:/12148/btv1b52519057z/manifest.json,ark:/12148/btv1b52519057z
46763,126,https://gallica.bnf.fr/ark:/12148/btv1b10089855k,[46053],https://gallica.bnf.fr/iiif/ark:/12148/btv1b10089855k/manifest.json,ark:/12148/btv1b10089855k
46764,126,https://gallica.bnf.fr/ark:/12148/btv1b8449036k,[46054],https://gallica.bnf.fr/iiif/ark:/12148/btv1b8449036k/manifest.json,ark:/12148/btv1b8449036k
46765,126,https://gallica.bnf.fr/ark:/12148/btv1b550063539,[46057],https://gallica.bnf.fr/iiif/ark:/12148/btv1b550063539/manifest.json,ark:/12148/btv1b550063539
46766,126,https://gallica.bnf.fr/ark:/12148/btv1b52507405h,[46059],https://gallica.bnf.fr/iiif/ark:/12148/btv1b52507405h/manifest.json,ark:/12148/btv1b52507405h
46767,126,https://gallica.bnf.fr/ark:/12148/btv1b54001703s,[46060],https://gallica.bnf.fr/iiif/ark:/12148/btv1b54001703s/manifest.json,ark:/12148/btv1b54001703s
46768,126,https://gallica.bnf.fr/ark:/12148/btv1b100737780,[46061],https://gallica.bnf.fr/iiif/ark:/12148/btv1b100737780/manifest.json,ark:/12148/btv1b100737780
46769,126,https://gallica.bnf.fr/ark:/12148/btv1b10465175v,[46062],https://gallica.bnf.fr/iiif/ark:/12148/btv1b10465175v/manifest.json,ark:/12148/btv1b10465175v
46770,126,https://gallica.bnf.fr/ark:/12148/btv1b10088942v,[46063],https://gallica.bnf.fr/iiif/ark:/12148/btv1b10088942v/manifest.json,ark:/12148/btv1b10088942v
46771,126,https://gallica.bnf.fr/ark:/12148/btv1b10515441p,[45709],https://gallica.bnf.fr/iiif/ark:/12148/btv1b10515441p/manifest.json,ark:/12148/btv1b10515441p
46772,126,https://gallica.bnf.fr/ark:/12148/btv1b100735196,[46066],https://gallica.bnf.fr/iiif/ark:/12148/btv1b100735196/manifest.json,ark:/12148/btv1b100735196
46773,126,https://gallica.bnf.fr/ark:/12148/btv1b6000370c,[46067],https://gallica.bnf.fr/iiif/ark:/12148/btv1b6000370c/manifest.json,ark:/12148/btv1b6000370c
46774,126,https://gallica.bnf.fr/ark:/12148/btv1b10089857g,[46068],https://gallica.bnf.fr/iiif/ark:/12148/btv1b10089857g/manifest.json,ark:/12148/btv1b10089857g
46775,126,https://gallica.bnf.fr/ark:/12148/btv1b105326322,[46070],https://gallica.bnf.fr/iiif/ark:/12148/btv1b105326322/manifest.json,ark:/12148/btv1b105326322
46776,126,https://gallica.bnf.fr/ark:/12148/btv1b10086330k,[46072],https://gallica.bnf.fr/iiif/ark:/12148/btv1b10086330k/manifest.json,ark:/12148/btv1b10086330k
46777,126,https://gallica.bnf.fr/ark:/12148/btv1b53000321m,[46074],https://gallica.bnf.fr/iiif/ark:/12148/btv1b53000321m/manifest.json,ark:/12148/btv1b53000321m
46778,126,https://gallica.bnf.fr/ark:/12148/btv1b10540981f,[46076],https://gallica.bnf.fr/iiif/ark:/12148/btv1b10540981f/manifest.json,ark:/12148/btv1b10540981f
46779,126,https://gallica.bnf.fr/ark:/12148/btv1b6000416x,[46077],https://gallica.bnf.fr/iiif/ark:/12148/btv1b6000416x/manifest.json,ark:/12148/btv1b6000416x
46780,126,https://gallica.bnf.fr/ark:/12148/btv1b10090057n,[46078],https://gallica.bnf.fr/iiif/ark:/12148/btv1b10090057n/manifest.json,ark:/12148/btv1b10090057n
46781,126,https://gallica.bnf.fr/ark:/12148/btv1b105485379,[46079],https://gallica.bnf.fr/iiif/ark:/12148/btv1b105485379/manifest.json,ark:/12148/btv1b105485379
46782,126,https://gallica.bnf.fr/ark:/12148/btv1b10509655q,[45710],https://gallica.bnf.fr/iiif/ark:/12148/btv1b10509655q/manifest.json,ark:/12148/btv1b10509655q
46783,126,https://gallica.bnf.fr/ark:/12148/btv1b52515014k,[46081],https://gallica.bnf.fr/iiif/ark:/12148/btv1b52515014k/manifest.json,ark:/12148/btv1b52515014k
46784,126,https://gallica.bnf.fr/ark:/12148/btv1b6000371s,[46082],https://gallica.bnf.fr/iiif/ark:/12148/btv1b6000371s/manifest.json,ark:/12148/btv1b6000371s
46785,126,https://gallica.bnf.fr/ark:/12148/btv1b10073773r,[46084],https://gallica.bnf.fr/iiif/ark:/12148/btv1b10073773r/manifest.json,ark:/12148/btv1b10073773r
46786,126,https://gallica.bnf.fr/ark:/12148/btv1b52500695k,[46085],https://gallica.bnf.fr/iiif/ark:/12148/btv1b52500695k/manifest.json,ark:/12148/btv1b52500695k
46787,126,https://gallica.bnf.fr/ark:/12148/btv1b10085444t,[46086],https://gallica.bnf.fr/iiif/ark:/12148/btv1b10085444t/manifest.json,ark:/12148/btv1b10085444t
46788,126,https://gallica.bnf.fr/ark:/12148/btv1b105409785,[46087],https://gallica.bnf.fr/iiif/ark:/12148/btv1b105409785/manifest.json,ark:/12148/btv1b105409785
46789,126,https://gallica.bnf.fr/ark:/12148/btv1b100891677,[46088],https://gallica.bnf.fr/iiif/ark:/12148/btv1b100891677/manifest.json,ark:/12148/btv1b100891677
46790,126,https://gallica.bnf.fr/ark:/12148/btv1b100738410,[46089],https://gallica.bnf.fr/iiif/ark:/12148/btv1b100738410/manifest.json,ark:/12148/btv1b100738410
46791,126,https://gallica.bnf.fr/ark:/12148/btv1b100863311,[46092],https://gallica.bnf.fr/iiif/ark:/12148/btv1b100863311/manifest.json,ark:/12148/btv1b100863311
46792,126,https://gallica.bnf.fr/ark:/12148/btv1b10089849z,[46094],https://gallica.bnf.fr/iiif/ark:/12148/btv1b10089849z/manifest.json,ark:/12148/btv1b10089849z
46793,126,https://gallica.bnf.fr/ark:/12148/btv1b9058891r,[45711],https://gallica.bnf.fr/iiif/ark:/12148/btv1b9058891r/manifest.json,ark:/12148/btv1b9058891r
46794,126,https://gallica.bnf.fr/ark:/12148/btv1b100900922,[46095],https://gallica.bnf.fr/iiif/ark:/12148/btv1b100900922/manifest.json,ark:/12148/btv1b100900922
46795,126,https://gallica.bnf.fr/ark:/12148/btv1b10089846m,[46096],https://gallica.bnf.fr/iiif/ark:/12148/btv1b10089846m/manifest.json,ark:/12148/btv1b10089846m
46796,126,https://gallica.bnf.fr/ark:/12148/btv1b100847096,[46097],https://gallica.bnf.fr/iiif/ark:/12148/btv1b100847096/manifest.json,ark:/12148/btv1b100847096
46797,126,https://gallica.bnf.fr/ark:/12148/btv1b530121530,[46098],https://gallica.bnf.fr/iiif/ark:/12148/btv1b530121530/manifest.json,ark:/12148/btv1b530121530
46798,126,https://gallica.bnf.fr/ark:/12148/btv1b100858321,[46099],https://gallica.bnf.fr/iiif/ark:/12148/btv1b100858321/manifest.json,ark:/12148/btv1b100858321
46799,126,https://gallica.bnf.fr/ark:/12148/btv1b6000417b,[46100],https://gallica.bnf.fr/iiif/ark:/12148/btv1b6000417b/manifest.json,ark:/12148/btv1b6000417b
46800,126,https://gallica.bnf.fr/ark:/12148/btv1b10090541f,[46103],https://gallica.bnf.fr/iiif/ark:/12148/btv1b10090541f/manifest.json,ark:/12148/btv1b10090541f
46801,126,https://gallica.bnf.fr/ark:/12148/btv1b100374066,[46104],https://gallica.bnf.fr/iiif/ark:/12148/btv1b100374066/manifest.json,ark:/12148/btv1b100374066
46802,126,https://gallica.bnf.fr/ark:/12148/btv1b52513424t,[46105],https://gallica.bnf.fr/iiif/ark:/12148/btv1b52513424t/manifest.json,ark:/12148/btv1b52513424t
46803,126,https://gallica.bnf.fr/ark:/12148/btv1b10036956t,[46106],https://gallica.bnf.fr/iiif/ark:/12148/btv1b10036956t/manifest.json,ark:/12148/btv1b10036956t
46804,126,https://gallica.bnf.fr/ark:/12148/btv1b10525133b,[45712],https://gallica.bnf.fr/iiif/ark:/12148/btv1b10525133b/manifest.json,ark:/12148/btv1b10525133b
46805,126,https://gallica.bnf.fr/ark:/12148/bpt6k8713300j,[46417],https://gallica.bnf.fr/iiif/ark:/12148/bpt6k8713300j/manifest.json,ark:/12148/bpt6k8713300j
46806,126,https://gallica.bnf.fr/ark:/12148/bpt6k850106d,[46418],https://gallica.bnf.fr/iiif/ark:/12148/bpt6k850106d/manifest.json,ark:/12148/bpt6k850106d
46807,126,https://gallica.bnf.fr/ark:/12148/bpt6k8713143m,[46419],https://gallica.bnf.fr/iiif/ark:/12148/bpt6k8713143m/manifest.json,ark:/12148/bpt6k8713143m
46808,126,https://gallica.bnf.fr/ark:/12148/btv1b6000093b,[46430],https://gallica.bnf.fr/iiif/ark:/12148/btv1b6000093b/manifest.json,ark:/12148/btv1b6000093b
46809,126,https://gallica.bnf.fr/ark:/12148/btv1b60000903,[46431],https://gallica.bnf.fr/iiif/ark:/12148/btv1b60000903/manifest.json,ark:/12148/btv1b60000903
46810,126,https://gallica.bnf.fr/ark:/12148/btv1b8492079j,[46500],https://gallica.bnf.fr/iiif/ark:/12148/btv1b8492079j/manifest.json,ark:/12148/btv1b8492079j
46811,126,https://gallica.bnf.fr/ark:/12148/btv1b84920784,[46501],https://gallica.bnf.fr/iiif/ark:/12148/btv1b84920784/manifest.json,ark:/12148/btv1b84920784
46812,126,https://gallica.bnf.fr/ark:/12148/btv1b8492077q,[46502],https://gallica.bnf.fr/iiif/ark:/12148/btv1b8492077q/manifest.json,ark:/12148/btv1b8492077q
46813,126,https://gallica.bnf.fr/ark:/12148/btv1b84920806,[46503],https://gallica.bnf.fr/iiif/ark:/12148/btv1b84920806/manifest.json,ark:/12148/btv1b84920806
46814,126,https://gallica.bnf.fr/ark:/12148/btv1b9009485k,[45715],https://gallica.bnf.fr/iiif/ark:/12148/btv1b9009485k/manifest.json,ark:/12148/btv1b9009485k
46815,126,https://gallica.bnf.fr/ark:/12148/btv1b90613662,[45716],https://gallica.bnf.fr/iiif/ark:/12148/btv1b90613662/manifest.json,ark:/12148/btv1b90613662
46816,126,https://gallica.bnf.fr/ark:/12148/btv1b550101223,[45649],https://gallica.bnf.fr/iiif/ark:/12148/btv1b550101223/manifest.json,ark:/12148/btv1b550101223
46817,126,https://gallica.bnf.fr/ark:/12148/btv1b9059209w,[45717],https://gallica.bnf.fr/iiif/ark:/12148/btv1b9059209w/manifest.json,ark:/12148/btv1b9059209w
46818,126,https://gallica.bnf.fr/ark:/12148/btv1b8454669r,[45718],https://gallica.bnf.fr/iiif/ark:/12148/btv1b8454669r/manifest.json,ark:/12148/btv1b8454669r
46819,126,https://gallica.bnf.fr/ark:/12148/btv1b9007199z,[45719],https://gallica.bnf.fr/iiif/ark:/12148/btv1b9007199z/manifest.json,ark:/12148/btv1b9007199z
46820,126,https://gallica.bnf.fr/ark:/12148/btv1b8447872k,[45720],https://gallica.bnf.fr/iiif/ark:/12148/btv1b8447872k/manifest.json,ark:/12148/btv1b8447872k
46821,126,https://gallica.bnf.fr/ark:/12148/btv1b52513419n,[45721],https://gallica.bnf.fr/iiif/ark:/12148/btv1b52513419n/manifest.json,ark:/12148/btv1b52513419n
46822,126,https://gallica.bnf.fr/ark:/12148/btv1b9061979r,[45722],https://gallica.bnf.fr/iiif/ark:/12148/btv1b9061979r/manifest.json,ark:/12148/btv1b9061979r
46823,126,https://gallica.bnf.fr/ark:/12148/btv1b9061978b,[45723],https://gallica.bnf.fr/iiif/ark:/12148/btv1b9061978b/manifest.json,ark:/12148/btv1b9061978b
46824,126,https://gallica.bnf.fr/ark:/12148/btv1b9059570v,[45724],https://gallica.bnf.fr/iiif/ark:/12148/btv1b9059570v/manifest.json,ark:/12148/btv1b9059570v
46825,126,https://gallica.bnf.fr/ark:/12148/btv1b9058945v,[45726],https://gallica.bnf.fr/iiif/ark:/12148/btv1b9058945v/manifest.json,ark:/12148/btv1b9058945v
46826,126,https://gallica.bnf.fr/ark:/12148/btv1b9058927x,[45727],https://gallica.bnf.fr/iiif/ark:/12148/btv1b9058927x/manifest.json,ark:/12148/btv1b9058927x
46827,126,https://gallica.bnf.fr/ark:/12148/btv1b55000505t,[45650],https://gallica.bnf.fr/iiif/ark:/12148/btv1b55000505t/manifest.json,ark:/12148/btv1b55000505t
46828,126,https://gallica.bnf.fr/ark:/12148/btv1b9063715r,[45728],https://gallica.bnf.fr/iiif/ark:/12148/btv1b9063715r/manifest.json,ark:/12148/btv1b9063715r
46829,126,https://gallica.bnf.fr/ark:/12148/btv1b9009473c,[45729],https://gallica.bnf.fr/iiif/ark:/12148/btv1b9009473c/manifest.json,ark:/12148/btv1b9009473c
46830,126,https://gallica.bnf.fr/ark:/12148/btv1b90637239,[45730],https://gallica.bnf.fr/iiif/ark:/12148/btv1b90637239/manifest.json,ark:/12148/btv1b90637239
46831,126,https://gallica.bnf.fr/ark:/12148/btv1b9063721g,[45731],https://gallica.bnf.fr/iiif/ark:/12148/btv1b9063721g/manifest.json,ark:/12148/btv1b9063721g
46832,126,https://gallica.bnf.fr/ark:/12148/btv1b90600214,[45732],https://gallica.bnf.fr/iiif/ark:/12148/btv1b90600214/manifest.json,ark:/12148/btv1b90600214
46833,126,https://gallica.bnf.fr/ark:/12148/btv1b6000109r,[45733],https://gallica.bnf.fr/iiif/ark:/12148/btv1b6000109r/manifest.json,ark:/12148/btv1b6000109r
46834,126,https://gallica.bnf.fr/ark:/12148/btv1b9059127g,[45734],https://gallica.bnf.fr/iiif/ark:/12148/btv1b9059127g/manifest.json,ark:/12148/btv1b9059127g
46835,126,https://gallica.bnf.fr/ark:/12148/btv1b105103171,[45737],https://gallica.bnf.fr/iiif/ark:/12148/btv1b105103171/manifest.json,ark:/12148/btv1b105103171
46836,126,https://gallica.bnf.fr/ark:/12148/btv1b9059217f,[45738],https://gallica.bnf.fr/iiif/ark:/12148/btv1b9059217f/manifest.json,ark:/12148/btv1b9059217f
46837,126,https://gallica.bnf.fr/ark:/12148/btv1b6000110d,[45739],https://gallica.bnf.fr/iiif/ark:/12148/btv1b6000110d/manifest.json,ark:/12148/btv1b6000110d
46838,126,https://gallica.bnf.fr/ark:/12148/btv1b10467112q,[45651],https://gallica.bnf.fr/iiif/ark:/12148/btv1b10467112q/manifest.json,ark:/12148/btv1b10467112q
46839,126,https://gallica.bnf.fr/ark:/12148/btv1b9065198k,[45740],https://gallica.bnf.fr/iiif/ark:/12148/btv1b9065198k/manifest.json,ark:/12148/btv1b9065198k
46840,126,https://gallica.bnf.fr/ark:/12148/btv1b90582018,[45741],https://gallica.bnf.fr/iiif/ark:/12148/btv1b90582018/manifest.json,ark:/12148/btv1b90582018
46841,126,https://gallica.bnf.fr/ark:/12148/btv1b9058183s,[45742],https://gallica.bnf.fr/iiif/ark:/12148/btv1b9058183s/manifest.json,ark:/12148/btv1b9058183s
46842,126,https://gallica.bnf.fr/ark:/12148/btv1b84272526,[45743],https://gallica.bnf.fr/iiif/ark:/12148/btv1b84272526/manifest.json,ark:/12148/btv1b84272526
46843,126,https://gallica.bnf.fr/ark:/12148/btv1b84525424,[45744],https://gallica.bnf.fr/iiif/ark:/12148/btv1b84525424/manifest.json,ark:/12148/btv1b84525424
46844,126,https://gallica.bnf.fr/ark:/12148/btv1b9007155s,[45745],https://gallica.bnf.fr/iiif/ark:/12148/btv1b9007155s/manifest.json,ark:/12148/btv1b9007155s
46845,126,https://gallica.bnf.fr/ark:/12148/btv1b9060553t,[45746],https://gallica.bnf.fr/iiif/ark:/12148/btv1b9060553t/manifest.json,ark:/12148/btv1b9060553t
46846,126,https://gallica.bnf.fr/ark:/12148/btv1b52519426s,[45748],https://gallica.bnf.fr/iiif/ark:/12148/btv1b52519426s/manifest.json,ark:/12148/btv1b52519426s
46847,126,https://gallica.bnf.fr/ark:/12148/btv1b10544596z,[45749],https://gallica.bnf.fr/iiif/ark:/12148/btv1b10544596z/manifest.json,ark:/12148/btv1b10544596z
46848,126,https://gallica.bnf.fr/ark:/12148/btv1b6000083z,[45750],https://gallica.bnf.fr/iiif/ark:/12148/btv1b6000083z/manifest.json,ark:/12148/btv1b6000083z
46849,126,https://gallica.bnf.fr/ark:/12148/btv1b525095474,[45653],https://gallica.bnf.fr/iiif/ark:/12148/btv1b525095474/manifest.json,ark:/12148/btv1b525095474
46850,126,https://gallica.bnf.fr/ark:/12148/btv1b9059380j,[45751],https://gallica.bnf.fr/iiif/ark:/12148/btv1b9059380j/manifest.json,ark:/12148/btv1b9059380j
46851,126,https://gallica.bnf.fr/ark:/12148/btv1b9009670t,[45752],https://gallica.bnf.fr/iiif/ark:/12148/btv1b9009670t/manifest.json,ark:/12148/btv1b9009670t
46852,126,https://gallica.bnf.fr/ark:/12148/btv1b53000323h,[45754],https://gallica.bnf.fr/iiif/ark:/12148/btv1b53000323h/manifest.json,ark:/12148/btv1b53000323h
46853,126,https://gallica.bnf.fr/ark:/12148/btv1b525130980,[45755],https://gallica.bnf.fr/iiif/ark:/12148/btv1b525130980/manifest.json,ark:/12148/btv1b525130980
46854,126,https://gallica.bnf.fr/ark:/12148/btv1b100327807,[45756],https://gallica.bnf.fr/iiif/ark:/12148/btv1b100327807/manifest.json,ark:/12148/btv1b100327807
46855,126,https://gallica.bnf.fr/ark:/12148/btv1b8415202d,[45757],https://gallica.bnf.fr/iiif/ark:/12148/btv1b8415202d/manifest.json,ark:/12148/btv1b8415202d
46856,126,https://gallica.bnf.fr/ark:/12148/btv1b90596595,[45759],https://gallica.bnf.fr/iiif/ark:/12148/btv1b90596595/manifest.json,ark:/12148/btv1b90596595
46857,126,https://gallica.bnf.fr/ark:/12148/btv1b52502912r,[45760],https://gallica.bnf.fr/iiif/ark:/12148/btv1b52502912r/manifest.json,ark:/12148/btv1b52502912r
46858,126,https://gallica.bnf.fr/ark:/12148/btv1b90613506,[45761],https://gallica.bnf.fr/iiif/ark:/12148/btv1b90613506/manifest.json,ark:/12148/btv1b90613506
46859,126,https://gallica.bnf.fr/ark:/12148/btv1b9060717n,[45762],https://gallica.bnf.fr/iiif/ark:/12148/btv1b9060717n/manifest.json,ark:/12148/btv1b9060717n
46860,126,https://gallica.bnf.fr/ark:/12148/btv1b55013310k,[45654],https://gallica.bnf.fr/iiif/ark:/12148/btv1b55013310k/manifest.json,ark:/12148/btv1b55013310k
46861,126,https://gallica.bnf.fr/ark:/12148/btv1b9058133w,[45763],https://gallica.bnf.fr/iiif/ark:/12148/btv1b9058133w/manifest.json,ark:/12148/btv1b9058133w
46862,126,https://gallica.bnf.fr/ark:/12148/btv1b90581349,[45764],https://gallica.bnf.fr/iiif/ark:/12148/btv1b90581349/manifest.json,ark:/12148/btv1b90581349
46863,126,https://gallica.bnf.fr/ark:/12148/btv1b9062154g,[45765],https://gallica.bnf.fr/iiif/ark:/12148/btv1b9062154g/manifest.json,ark:/12148/btv1b9062154g
46864,126,https://gallica.bnf.fr/ark:/12148/btv1b9058097g,[45766],https://gallica.bnf.fr/iiif/ark:/12148/btv1b9058097g/manifest.json,ark:/12148/btv1b9058097g
46865,126,https://gallica.bnf.fr/ark:/12148/btv1b84478767,[45767],https://gallica.bnf.fr/iiif/ark:/12148/btv1b84478767/manifest.json,ark:/12148/btv1b84478767
46866,126,https://gallica.bnf.fr/ark:/12148/btv1b9059284v,[45768],https://gallica.bnf.fr/iiif/ark:/12148/btv1b9059284v/manifest.json,ark:/12148/btv1b9059284v
46867,126,https://gallica.bnf.fr/ark:/12148/btv1b90631430,[45770],https://gallica.bnf.fr/iiif/ark:/12148/btv1b90631430/manifest.json,ark:/12148/btv1b90631430
46868,126,https://gallica.bnf.fr/ark:/12148/btv1b90639690,[45771],https://gallica.bnf.fr/iiif/ark:/12148/btv1b90639690/manifest.json,ark:/12148/btv1b90639690
46869,126,https://gallica.bnf.fr/ark:/12148/btv1b90637521,[45772],https://gallica.bnf.fr/iiif/ark:/12148/btv1b90637521/manifest.json,ark:/12148/btv1b90637521
46870,126,https://gallica.bnf.fr/ark:/12148/btv1b90637165,[45773],https://gallica.bnf.fr/iiif/ark:/12148/btv1b90637165/manifest.json,ark:/12148/btv1b90637165
46871,126,https://gallica.bnf.fr/ark:/12148/btv1b52505340v,[45657],https://gallica.bnf.fr/iiif/ark:/12148/btv1b52505340v/manifest.json,ark:/12148/btv1b52505340v
46872,126,https://gallica.bnf.fr/ark:/12148/btv1b90592784,[45774],https://gallica.bnf.fr/iiif/ark:/12148/btv1b90592784/manifest.json,ark:/12148/btv1b90592784
46873,126,https://gallica.bnf.fr/ark:/12148/btv1b84516032,[45775],https://gallica.bnf.fr/iiif/ark:/12148/btv1b84516032/manifest.json,ark:/12148/btv1b84516032
46874,126,https://gallica.bnf.fr/ark:/12148/btv1b10509662s,[45776],https://gallica.bnf.fr/iiif/ark:/12148/btv1b10509662s/manifest.json,ark:/12148/btv1b10509662s
46875,126,https://gallica.bnf.fr/ark:/12148/btv1b105201147,[45777],https://gallica.bnf.fr/iiif/ark:/12148/btv1b105201147/manifest.json,ark:/12148/btv1b105201147
46876,126,https://gallica.bnf.fr/ark:/12148/btv1b9058956n,[45778],https://gallica.bnf.fr/iiif/ark:/12148/btv1b9058956n/manifest.json,ark:/12148/btv1b9058956n
46877,126,https://gallica.bnf.fr/ark:/12148/btv1b90581846,[45779],https://gallica.bnf.fr/iiif/ark:/12148/btv1b90581846/manifest.json,ark:/12148/btv1b90581846
46878,126,https://gallica.bnf.fr/ark:/12148/btv1b9006863f,[45781],https://gallica.bnf.fr/iiif/ark:/12148/btv1b9006863f/manifest.json,ark:/12148/btv1b9006863f
46879,126,https://gallica.bnf.fr/ark:/12148/btv1b9060721j,[45782],https://gallica.bnf.fr/iiif/ark:/12148/btv1b9060721j/manifest.json,ark:/12148/btv1b9060721j
46880,126,https://gallica.bnf.fr/ark:/12148/btv1b90591121,[45783],https://gallica.bnf.fr/iiif/ark:/12148/btv1b90591121/manifest.json,ark:/12148/btv1b90591121
46881,126,https://gallica.bnf.fr/ark:/12148/btv1b10029497r,[45784],https://gallica.bnf.fr/iiif/ark:/12148/btv1b10029497r/manifest.json,ark:/12148/btv1b10029497r
47372,126,https://digitalcollections.universiteitleiden.nl/view/item/1595077,[47370],https://digitalcollections.universiteitleiden.nl/view/item/1595077#page/2/mode/1up,
47398,126,"https://belgica.kbr.be/BELGICA/search.aspx#/Detail/(query:(Id:'3_OFFSET_0',Index:4,NBResults:12,PageRange:3,SearchQuery:(CloudTerms:!(),FacetFilter:%7B%7D,ForceSearch:!t,InitialSearch:!f,Page:0,PageRange:3,QueryGuid:bbf45249-0ccc-4523-913b-f855bbebd962,QueryString:limborch,ResultSize:100,ScenarioCode:GALERIE,ScenarioDisplayMode:display-vignet,SearchGridFieldsShownOnResultsDTO:!(),SearchLabel:'',SearchTerms:limborch,SortField:!n,SortOrder:0,TemplateParams:(Scenario:'',Scope:BELGICA,Size:!n,Source:'',Support:'',UseCompact:!f),UseSpellChecking:!n)))",[47395],,
47410,126,"https://belgica.kbr.be/BELGICA/search.aspx#/Detail/(query:(Id:'2_OFFSET_0',Index:3,NBResults:12,PageRange:3,SearchQuery:(CloudTerms:!(),FacetFilter:%7B%7D,ForceSearch:!t,InitialSearch:!f,Page:0,PageRange:3,QueryGuid:'4f2ab816-099a-4546-841a-8c84991e3abb',QueryString:limborch,ResultSize:100,ScenarioCode:GALERIE,ScenarioDisplayMode:display-vignet,SearchGridFieldsShownOnResultsDTO:!(),SearchLabel:'',SearchTerms:limborch,SortField:!n,SortOrder:0,TemplateParams:(Scenario:'',Scope:BELGICA,Size:!n,Source:'',Support:'',UseCompact:!f),UseSpellChecking:!n)))",[47409],,
47424,126,"https://belgica.kbr.be/BELGICA/search.aspx#/Detail/(query:(Id:'1_OFFSET_0',Index:2,NBResults:12,PageRange:3,SearchQuery:(CloudTerms:!(),FacetFilter:%7B%7D,ForceSearch:!t,InitialSearch:!f,Page:0,PageRange:3,QueryGuid:aaffd88d-3c3b-4dd0-997d-d6a1021e814f,QueryString:limborch,ResultSize:100,ScenarioCode:GALERIE,ScenarioDisplayMode:display-vignet,SearchGridFieldsShownOnResultsDTO:!(),SearchLabel:'',SearchTerms:limborch,SortField:!n,SortOrder:0,TemplateParams:(Scenario:'',Scope:BELGICA,Size:!n,Source:'',Support:'',UseCompact:!f),UseSpellChecking:!n)))",[47423],,
47477,126,https://lib.ugent.be/en/catalog/rug01:000990042?i=0&q=alexanders+geesten,[47476],https://adore.ugent.be/IIIF/manifests/archive.ugent.be%3A80F9C456-064B-11EF-AEEF-B6114C897CD7,
47499,126,"https://opacplus.bsb-muenchen.de/discovery/fulldisplay?docid=alma991048291329707356&context=L&vid=49BVB_BSB:VU1&lang=de&search_scope=MyInst_and_CI&adaptor=Local%20Search%20Engine&tab=Everything&query=any,contains,alexanders%20geesten&facet=rtype,include,books&offset=0",[47498],"https://www.digitale-sammlungen.de/en/view/bsb00089993?page=,1",
47508,126,https://digitalcollections.universiteitleiden.nl/view/item/375576?solr_nav%5Bid%5D=7c00fd1833b620eff87d&solr_nav%5Bpage%5D=0&solr_nav%5Boffset%5D=0#page/1/mode/1up,[47504],https://digitalcollections.universiteitleiden.nl/iiif_manifest/item%3A375576/manifest,
47519,126,https://digital.onb.ac.at/RepViewer/viewer.faces?doc=DOD_64538&order=1&view=SINGLE,[47518],,
47531,126,https://lib.ugent.be/en/catalog/rug01:000839810,[47530],,
47564,126,https://digitalcollections.universiteitleiden.nl/view/item/3443228?solr_nav%5Bid%5D=36357ac68dda576705af&solr_nav%5Bpage%5D=0&solr_nav%5Boffset%5D=2#page/1/mode/1up,[47563],https://iiifviewer.universiteitleiden.nl/?manifest=https%3A//digitalcollections.universiteitleiden.nl/iiif_manifest/item%253A3443228/manifest,
47568,126,https://digitalcollections.universiteitleiden.nl/view/item/3443224?solr_nav%5Bid%5D=36357ac68dda576705af&solr_nav%5Bpage%5D=0&solr_nav%5Boffset%5D=1#page/1/mode/1up,[47567],https://iiifviewer.universiteitleiden.nl/?manifest=https%3A//digitalcollections.universiteitleiden.nl/iiif_manifest/item%253A3443224/manifest,
47574,126,https://dlib.gnm.de/item/Hs42584,[47573],,
47576,126,https://digitalcollections.universiteitleiden.nl/view/item/3443235?solr_nav%5Bid%5D=36357ac68dda576705af&solr_nav%5Bpage%5D=0&solr_nav%5Boffset%5D=0#page/1/mode/1up,[47575],https://iiifviewer.universiteitleiden.nl/?manifest=https%3A//digitalcollections.universiteitleiden.nl/iiif_manifest/item%253A3443235/manifest,
47600,126,https://digi.vatlib.it/view/MSS_Pal.lat.1971,"[47598, 47596, 47599, 45902]",https://digi.vatlib.it/iiif/MSS_Pal.lat.1971/manifest.json,
47623,126,https://gallica.bnf.fr/ark:/12148/btv1b10091575t/f2.item,[47622],,
47648,126,https://uurl.kbr.be/1737555,[47647],,
47654,126,https://objects.library.uu.nl/reader/index.php?obj=1874-334865&lan=nl,[47653],https://objects.library.uu.nl/reader/iiif_info.php?obj=1874-334865&lan=nl&pagenum=1,
47659,126,https://digitalcollections.universiteitleiden.nl/view/item/3445683,[47658],https://iiifviewer.universiteitleiden.nl/?manifest=https%3A//digitalcollections.universiteitleiden.nl/iiif_manifest/item%253A3445683/manifest,
47690,126,https://gallica.bnf.fr/ark:/12148/btv1b10077333z/f2.item,[47689],https://gallica.bnf.fr/view3if/ga/ark:/12148/btv1b10077333z,
47728,126,"https://opac.kbr.be/Library/search.aspx?SC=KBR_UNIFIED&QUERY=troyen&_lg=nl-BE#/Detail/(query:(Id:'position:%20SOLR/DEFA-000007_OFFSET_0',Index:13,NBResults:571,PageRange:3,SearchQuery:(FacetFilter:%7B%7D,ForceSearch:!f,InitialSearch:!f,Page:0,PageRange:3,QueryGuid:c3bef684-446d-4dcf-ab71-05dabe38ac83,QueryString:troyen,ResultSize:50,ScenarioCode:KBR_UNIFIED,ScenarioDisplayMode:display-standard,SearchGridFieldsShownOnResultsDTO:!(),SearchLabel:'',SearchTerms:troyen,SessionGuid:'9caf6bfd-7180-4c31-ad72-faa5f2b03333',SortField:!n,SortOrder:0,TemplateParams:(Scenario:'',Scope:Library,Size:!n,Source:'',Support:'',UseCompact:!f),UseSpellChecking:!n)))",[47724],,
47751,126,https://lib.ugent.be/viewer/archive.ugent.be%3A6D2C0F04-015A-11E2-A5C9-D1460D0ED9C1#?cv=&xywh=-2044%2C-208%2C6910%2C4143,[47750],,
47761,126,https://lib.ugent.be/viewer/archive.ugent.be%3A66FF501E-015A-11E2-A5C9-D1460D0ED9C1#?cv=&xywh=-2177%2C-247%2C8233%2C4936,[47760],,
47776,126,https://lib.ugent.be/viewer/archive.ugent.be%3AF9B1F716-43C4-11E2-BADE-1FF5D9426DF0#?cv=&xywh=-2401%2C-244%2C8112%2C4864,[47774],,
47784,126,https://galerij.kb.nl/kb.html#/nl/lancelot/page/3/zoom/3/lat/2.1088986592431382%E2%80%A6,[47782],,
47791,126,https://lib.ugent.be/viewer/archive.ugent.be%3A6A8CD2DA-064B-11EF-8486-F351ED30B672#?cv=&xywh=-763%2C-288%2C9599%2C5755,[47790],,
47905,126,https://digitalcollections.universiteitleiden.nl/view/item/3443205?solr_nav%5Bid%5D=bdb04fd15d2c3f569e59&solr_nav%5Bpage%5D=0&solr_nav%5Boffset%5D=2#page/1/mode/1up,[47904],https://iiifviewer.universiteitleiden.nl/?manifest=https%3A//digitalcollections.universiteitleiden.nl/iiif_manifest/item%253A3443205/manifest,
47911,126,"https://opac.kbr.be/Library/search.aspx?SC=KBR_UNIFIED&QUERY=beerte&_lg=nl-BE#/Detail/(query:(Id:'position:%20SOLR/DEFA-000001_OFFSET_0',Index:1,NBResults:185,PageRange:3,SearchQuery:(FacetFilter:%7B%7D,ForceSearch:!f,InitialSearch:!f,Page:0,PageRange:3,QueryGuid:'26e29623-1165-429a-a506-55b05b97d50e',QueryString:beerte,ResultSize:50,ScenarioCode:KBR_UNIFIED,ScenarioDisplayMode:display-standard,SearchGridFieldsShownOnResultsDTO:!(),SearchLabel:'',SearchTerms:beerte,SessionGuid:'4161f008-cab8-45a4-8b97-9526f994f545',SortField:!n,SortOrder:0,TemplateParams:(Scenario:'',Scope:Library,Size:!n,Source:'',Support:'',UseCompact:!f),UseSpellChecking:!n)))",[47910],,
47932,126,https://lib.ugent.be/viewer/archive.ugent.be%3A2F1EF0AC-6564-11EF-85B4-899C9D418CBA#?cv=&xywh=-1908%2C-293%2C9767%2C5856,[47931],,
48034,126,https://lib.ugent.be/viewer/archive.ugent.be%3A54E56D98-064B-11EF-9865-8A76E60A3B71#?cv=&xywh=-1%2C-412%2C4488%2C2513,[48033],,
48122,126,https://digitalcollections.universiteitleiden.nl/view/item/376813?solr_nav%5Bid%5D=56059c0999e3e8d53507&solr_nav%5Bpage%5D=0&solr_nav%5Boffset%5D=0#page/1/mode/1up,[48121],,
48133,126,https://gallica.bnf.fr/ark:/12148/btv1b100378950,[48132],,
48151,126,https://digitalcollections.universiteitleiden.nl/view/item/3443217?solr_nav%5Bid%5D=a945c8c98458011924db&solr_nav%5Bpage%5D=0&solr_nav%5Boffset%5D=0#page/1/mode/1up,[48150],,
48155,126,https://lib.ugent.be/viewer/archive.ugent.be%3A54FB76EC-064B-11EF-93DD-FAF97111E4B8#?cv=&xywh=-2162%2C-168%2C5596%2C3355,[48154],,
48208,126,https://digitalcollections.universiteitleiden.nl/view/item/3443210?solr_nav%5Bid%5D=9575bc21d0e28369f8b2&solr_nav%5Bpage%5D=0&solr_nav%5Boffset%5D=0#page/1/mode/1up,[48207],,
48250,126,"https://opac.kbr.be/Library/search.aspx?SC=KBR_UNIFIED&QUERY=II+572&_lg=nl-BE#/Detail/(query:(Id:'position:%20SOLR/DEFA-000001_OFFSET_0',Index:1,NBResults:52,PageRange:3,SearchQuery:(CloudTerms:!(),FacetFilter:%7B%7D,ForceSearch:!f,InitialSearch:!f,Page:0,PageRange:3,QueryGuid:'2a290e20-ef1d-4152-903d-78a66306accc',QueryString:perchevael,ResultSize:50,ScenarioCode:KBR_UNIFIED,ScenarioDisplayMode:display-standard,SearchGridFieldsShownOnResultsDTO:!(),SearchLabel:'',SearchTerms:perchevael,SessionGuid:'34df968b-af50-43ad-92bc-8cfcd79602e9',SortField:!n,SortOrder:0,TemplateParams:(Scenario:'',Scope:Library,Size:!n,Source:'',Support:'',UseCompact:!f),UseSpellChecking:!n)))",[48249],,
48264,126,"https://opac.kbr.be/Library/search.aspx?SC=KBR_UNIFIED&QUERY=II+572&_lg=nl-BE#/Detail/(query:(Id:'position:%20SOLR/DEFA-000001_OFFSET_0',Index:1,NBResults:12,PageRange:3,SearchQuery:(CloudTerms:!(),FacetFilter:'%7B%22_842%22:%22Handschrift%22%7D',ForceSearch:!f,InitialSearch:!f,Page:0,PageRange:3,QueryGuid:'7bfad78b-dac0-4fcc-b54c-aaa2030115c6',QueryString:'IV%20636,4',ResultSize:50,ScenarioCode:KBR_UNIFIED,ScenarioDisplayMode:display-standard,SearchGridFieldsShownOnResultsDTO:!(),SearchLabel:'',SearchTerms:'IV%20636%204',SessionGuid:de9bb8e1-6e7b-459d-bea3-bc9c8c0edf59,SortField:!n,SortOrder:0,TemplateParams:(Scenario:'',Scope:Library,Size:!n,Source:'',Support:'',UseCompact:!f),UseSpellChecking:!n)))",[48261],,
48272,126,"https://opac.kbr.be/Library/search.aspx?SC=KBR_UNIFIED&QUERY=II+572&_lg=nl-BE#/Detail/(query:(Id:'position:%20SOLR/DEFA-000001_OFFSET_0',Index:1,NBResults:1,PageRange:3,SearchQuery:(CloudTerms:!(),FacetFilter:'%7B%22_842%22:%22Handschrift%22%7D',ForceSearch:!f,InitialSearch:!f,Page:0,PageRange:3,QueryGuid:'2d277002-dc6f-4e17-a934-b0c18d6f9a0d',QueryString:'IV%20818',ResultSize:50,ScenarioCode:KBR_UNIFIED,ScenarioDisplayMode:display-standard,SearchGridFieldsShownOnResultsDTO:!(),SearchLabel:'',SearchTerms:'IV%20818',SessionGuid:'816c9f83-dd8e-4728-a982-4451febaca8d',SortField:!n,SortOrder:0,TemplateParams:(Scenario:'',Scope:Library,Size:!n,Source:'',Support:'',UseCompact:!f),UseSpellChecking:!n)))",[48271],,
48311,126,https://digitalcollections.universiteitleiden.nl/view/item/760243?solr_nav%5Bid%5D=7635af6b8e7a241ece2a&solr_nav%5Bpage%5D=0&solr_nav%5Boffset%5D=0#page/1/mode/1up,[48310],,
48323,126,https://lib.ugent.be/viewer/archive.ugent.be%3A554AE9DE-064B-11EF-B76D-ADDAEE584B08#?cv=&xywh=-5410%2C-366%2C12195%2C7312,[48322],,
48349,126,https://lib.ugent.be/viewer/archive.ugent.be%3A74BD89FC-064B-11EF-A567-A70BD9B6BF18#?cv=&xywh=-212%2C-247%2C4224%2C2418,[48348],,
48355,126,https://digitalcollections.universiteitleiden.nl/view/item/1679726?solr_nav%5Bid%5D=c91c94bac377d3550987&solr_nav%5Bpage%5D=0&solr_nav%5Boffset%5D=0#page/1/mode/1up,[48354],,
48784,126,https://digital.bodleian.ox.ac.uk/objects/ae9f6cca-ae5c-4149-8fe4-95e6eca1f73c/,[48781],,
48793,126,https://cudl.lib.cam.ac.uk/view/MS-FF-00001-00006/1,[48792],,
