H-ID,type_id,preferred_name,label_name,city H-ID,alternative_names,VIAF,ISNI,biblissima_identifier,website
43721,108,University of Leeds. Brotherton library,University of Leeds Brotherton Library,43613,"[Brotherton library Leeds, GB, Brotherton Library, Brotherton Library (Leeds), University of Leeds, Brotherton Library Leeds (GB-LEbc), Leeds University Library. Brotherton Library]",136949486.0,0000000122908835,,
43722,108,Beinecke rare book and manuscript library,Beinecke Library,43496,"[Yale University. Beinecke Rare Book and Manuscript Library (New Haven), Beinecke Rare Book and Manuscript Library (New Haven, Conn.) New Haven, Conn., Beinecke rare book and manuscript library New Haven, Conn., Beinecke Rare Book & Manuscript Library, Yale University. Library. Beinecke Rare Book and Manuscript Library]",146865135.0,0000000121797790,,
43723,108,Archives municipales de Metz,Archives municipales de Metz,42694,"[Archives municipales Metz (F-MEam), Archives Municipales (Metz), archives municipales de Metz service d'archives municipales en France]",154453062.0,0000000122978278,,
43724,108,Musée des beaux-arts,Musée des beaux-arts,42723,"[Musée des beaux-arts (Reims)., musée des Beaux-Arts de Reims, Musée des beaux-arts (Reims, Marne)]",195570567.0,,,
43725,108,Biblioteca nazionale braidense,Biblioteca nazionale braidense,43625,"[Biblioteca Nazionale Braidense Milano (I-Mb), Biblioteca nazionale braidense (Μιλάνο, Ιταλία), Biblioteca nazionale braidense Milan, Italie, Biblioteca nazionale Braidense (Milano)]",131173916.0,0000000417562018,,
43726,108,New York public library,New York public library,43498,[ニューヨーク公共図書館],143013888.0,0000000121736162,,
43727,108,Herzog-August-Bibliothek,Herzog-August-Bibliothek,43661,"[Herzog August Bibliothek (Wolfenbüttel, Allemagne), Herzog August Bibliothek Wolfenbüttel, Deutschland, Herzog August Bibliothek (Þýskaland), Herzog August Bibliothek (Wolfenbüttel, Nemecko), Herzog August Bibliothek (Wolfenbuettel), Herzog August Bibliothek (Alemania), Herzog August Bibliothek Wolfenbüttel (D-W), Herzog-August-Bibliothek (Wolfenbüttel)]",125059269.0,0000000121513727,,
43728,108,Bibliothèque municipale de Versailles,Bibliothèque municipale de Versailles,43662,"[Bibliothèque municipale Versailles (F-V), Bibliothèque municipale (Wersal)., Bibliothèque municipale (Versailles), Bibliothèque Municipale]",156688622.0,,,
43729,108,Bibliothèque municipale,Bibliothèque municipale,42727,"[Bibliothèque municipale, Bibliothèque municipale (Rouen, Francie), Bibliothèques de Rouen, Bibliothèque municipale de Rouen]",127811314.0,0000000119452857,,
43730,108,Médiathèque de la communauté urbaine d'Alençon,Médiathèque de la communauté urbaine,42627,"[Bibliothèque municipale Alençon (F-AL), Bibliothèque municipale d'Arras, Médiathèque (Alençon, Orne)]",261516764.0,0000000106758961,,
43731,108,Abbaye de Maredsous. Bibliothèque,Abbaye de Maredsous. Bibliothèque,43663,"[Abbaye Saint-Benoît de Maredsous. Bibliothèque, Kloster Maredsous Bibliothek]",125579984.0,0000000086664828,,
43732,108,Staats- und Universitätsbibliothek Hamburg,Staats- und Universitätsbibliothek,43584,"[Staats-und Universitats Bibliothek Hamburg, Staats- und Universitätsbibliothek (Hambourg, Allemagne), Staats- und Universitätsbibliothek Hamburg, Deutschland, Staats- und Universitätsbibliothek]",158923653.0,0000000122994294,,
43733,108,Koninklijke Bibliotheek,Koninklijke Bibliotheek,43653,"[Koninklijke Bibliotheek (Haga)., Koninklijke Bibliotheek (Nīderlande), Koninklijke Bibliotheek (Nederland), Koninklijke Bibliotheek (Países Baixos), Koninklijke bibliotheek ('s-Gravenhage), Paises Baixos., Koninklijke Bibliotheek, Koninklijke Bibliotheek, Koninklijke Bibliotheek (Nizozemsko), Koninklijke Bibliotheek (Holanda), Koninklijke Bibliotheek (Països Baixos), Koninklijke bibliotheek Pays-Bas, Koninklijke Bibliotheek Den Haag]",1.0214597012193224e+20,0000000123699000,,
43734,108,Bibliothèque Municipale Epinal,Bibliothèque Municipale Epinal,42667,"[Bibliothèque multimédia intercommunale Épinal Épinal (F-E), Bibliothèque municipale d'Épinal, bibliothèque multimédia intercommunale d'Épinal]",149637539.0,0000000123484333,,
43735,108,University of Notre Dame. Library,University of Notre Dame Library,43665,"[University of Notre Dame, Libraries, Theodore Hesburgh Library, University of Notre Dame (Indiana). Library]",136040265.0,0000000122599753,,
43736,108,Universitetsbiblioteket,Universitetsbiblioteket,43659,"[Københavns Universitetsbibliotek, Universitetsbiblioteket Copenhague, Københavns universitet. Universitetsbiblioteket, Københavns Universitetsbiblioteket]",124947742.0,0000000122645297,,
43737,108,National Library of Russia,National Library of Russia,43666,"[Rossiĭskai︠a︡ nat︠s︡ional'nai︠a︡ biblioteka, Rosyjska Biblioteka Narodowa (Petersburg), הספרייה הציבורית על שם סלטיקוב-שצ'דרין (פטרבורג), Rossijskaja nacionaľnaja biblioteka (Petrohrad, Rusko), Rossijskaâ nacional'naâ biblioteka (Saint-Pétersbourg, Russie), Российская Национальная библиотека (Санкт-Петербург), Rossijskaja nacional'naja biblioteka Sankt-Peterburg (RUS-SPsc), Rossijskaja nacional/ naja biblioteka, Rússia., National Library, Российская национальная библиотека, Rossijskaâ nacional'naâ biblioteka., Государственная публичная библиотека им. Салтыкова-Щедрина, Отдел каталогизации, Rossijskaja nacional'naja biblioteka Sankt-Peterburg, ロシア国立図書館, Rossijskaja nacional'naja biblioteka, Bibliothèque nationale de Russie]",127114742.0,0000000122431029,,
43738,108,Archivio di Stato,Archivio di Stato,43667,"[Archivio di Stato di Viterbo archives in Italy, Archivio di Stato di Viterbo]",137409011.0,0000000121773254,,
43739,108,Archives départementales de Meurthe-et-Moselle,Archives dép. Meurthe-et-Moselle,42702,"[Archives départementales de Meurthe-et-Moselle Nancy (F-NAad), Archives Départementales de Meurthe-et-Moselle (Nancy), archives départementales de Meurthe-et-Moselle archives du département de Meurthe-et-Moselle, Archives départementales (Meurthe-et-Moselle), Meurthe-et-Moselle. Archives départementales]",147817727.0,0000000119574264,,
43740,108,Biblioteca marucelliana,Biblioteca marucelliana,43639,"[Biblioteca Marucelliana Firenze (I-Fm), Biblioteca Marucelliana Florence, Italie, Biblioteca Marucelliana (Firenze), Biblioteca Marucelliana di Firenze]",154268662.0,0000000122973186,,
43741,108,Cardiff Central Library,Cardiff Central Library,43668,"[Cardiff Central Library (Wales), Central Library Cardiff]",151455226.0,0000000101649475,,
43742,108,Bibliothèque municipale Saint-Germain-en-Laye,Bibliothèque municipale,43669,"[bibliothèque municipale de Saint-Germain-en-Laye, Yvelines]",128759256.0,,,
43743,108,Bibliothèque de l'Université de l'État,Bibliothèque de l'Université de l'État,43670,[],1.91450032866613e+19,,,
43744,108,Bürgerbibliothek Bern,Bürgerbibliothek Bern,43664,"[Burgerbibliothek (Berno)., Bibliothèque de la Bourgeoisie Berne, Bibliothèque de la Bourgeoisie de Berne, Burgerbibliothek Bern (CH-BEb)]",157880358.0,0000000120977853,,
43745,108,McGill University. Libraries,McGill University. Libraries,43430,[McGill University. Bibliothèques],130108013.0,,,
43746,108,Hessisches Hauptstaatsarchiv,Hessisches Hauptstaatsarchiv,42930,"[Hesse. Hauptstaatsarchiv (Wiesbaden, Allemagne), Hessisches Hauptstaatsarchiv Wiesbaden, Allemagne, Hessisches Hauptstaatsarchiv Wiesbaden (D-WIhha), Hessisches Hauptstaatsarchiv Abteilung des Hessischen Landesarchivs mit Sitz in Wiesbaden, Hessisches Hauptstaatsarchiv (Wiesbaden)]",139599477.0,0000000123148786,,
43747,108,Bibliothèque municipale et interuniversitaire,Bibliothèque municipale,43655,"[Clermont-Ferrand (France). Bibliothèque municipale et interuniversitaire, Bibliothèque Municipale, Bibliothèque municipale et interuniversitaire (Clermont-Ferrand, France)]",137908739.0,0000000123588941,,
43748,108,Bibliothèque municipale,Bibliothèque municipale,43671,"[Bibliothèque municipale (Châlons-sur-Marne), Châlons-en-Champagne, Bibliothèques municipales, Bibliothèque municipale de Châlons-en-Champagne]",146436947.0,,,
43749,108,York Minster. Library,York Minster. Library,43672,[Minster Library York (GB-Y)],147210143.0,,,
43750,108,"Universidade de Coimbra., Biblioteca Geral",Universidade de Coimbra Biblioteca Geral,43673,[Biblioteca Geral da Universidade de Coimbra],156615544.0,0000000121924104,,
43751,108,Bibliothèque Louis-Garret,Bibliothèque Louis-Garret,42745,[],5.014693770401383e+19,,,
43752,108,Archives de l'Etat,Archives de l'Etat,43614,"[Archives de l'État de Fribourg Fribourg (CH-Faef), Archives de l'État de Fribourg Suisse, Staatsarchiv Freiburg (Schweiz), Archives de l'État de Fribourg (collection), Archives de l'État (Fribourg, Suisse) (canton), Archives de l'Etat de Fribourg]",127309070.0,0000000110876952,,
43753,108,Bibliothèque Mazarine,Bibliothèque Mazarine,43675,"[Bibliothèque Mazarine (Paris) (1643-....), Bibliothèque Mazarine (Paryż)., Bibliothèque Mazarine Paris (F-Pm), Paris., Bibliothéque Mazarine, Bibliothèque Mazarine (Paris)]",150882171.0,0000000122964466,,
43754,108,Forschungsbibliothek Gotha,Forschungsbibliothek Gotha,43677,[Landesbibliothek Gotha.],148396150.0,0000000107030008,,
43755,108,Biblioteca capitolare,Biblioteca capitolare,43678,"[Biblioteca capitolare Monza, Italie, Biblioteca capitolare di Monza, Biblioteca capitolare del Duomo Monza (I-MZ), Biblioteca capitolare (Verona, Italia), Biblioteca Capitolare Monza]",7.011491982822749e+20,0000000121702480,,
43756,108,Badische Landesbibliothek Karlsruhe,Badische Landesbibliothek Karlsruhe,42811,"[Badische Landesbibliothek., Badische Landesbibliothek (Karlsruhe, Allemagne), Badische Landesbibliothek, Musiksammlung Karlsruhe (D-KA)]",156582730.0,0000000405650782,,
43757,108,Bibliothèque Municipale Valenciennes,Bibliothèque Municipale,43679,"[Bibliothèque Municipale, bibliothèque municipale de Valenciennes, Bibliothèque municipale Valenciennes (F-VAL), Valenciennes (France). Bibliothèque municipale, Bibliothèque municipale Valenciennes, Nord]",155510318.0,0000000119583128,,
43758,108,Lincolnshire Archives Office,Lincolnshire Archives Office,43680,[],141912871.0,0000000106965928,,
43759,108,Archives départementales de la Manche,Archives dép. la Manche,42735,"[archives départementales de la Manche archives du département de la Manche, Archives Départementales de la Manche Saint-Lô, Archives départementales (Manche), Manche. Archives départementales]",153679842.0,0000000122968555,,
43760,108,Biblioteca apostolica vaticana,Biblioteca apostolica vaticana,43070,"[Biblioteca apostolica vaticana (Vatikán), Vaticano., Biblioteca Apostolica Vaticana, bibliothèque apostolique vaticane, Biblioteka Watykańska, ספריית הוותיקן, Biblioteca Apostolica Vaticana Città del Vaticano (V-CVbav)]",146085455.0,0000000121786485,,
43761,108,Bibliothèque municipale,Bibliothèque municipale,42678,"[bibliothèque municipale de Laon, Bibliothèque municipale Suzanne Martinet, Bibliothèque municipale Laon (F-LA), Bibliothèque de Laon, Bibliothèque Municipale, Bibliothèque municipale Suzanne Martinet Laon]",136779628.0,0000000121655274,,
43762,108,Archives départementales des Côtes-d'Armor,Archives dép. Côtes-d'Armor,42728,[],136478623.0,0000000121104202,,
43763,108,Pierpont Morgan Library,Pierpont Morgan Library,43498,"[Morgan library & museum New York, N.Y., Pierpont Morgan Library New York, NY, The Morgan Library & Museum New York City, NY (US-NYpm), Pierpont Morgan Library (Estados Unidos), Pierpont Morgan library (New York)]",140782799.0,0000000122929935,,
43764,108,Archivio di Stato,Archivio di Stato,43686,"[Italie. Archivio di Stato (Parme), Archivio di Stato di Parma (Italy), Archivio di Stato di Parma, Archivio di Stato Parma (I-PAas)]",151351604.0,0000000121854425,,
43765,108,Rijksmuseum Het Catharijneconvent,Rijksmuseum Het Catharijneconvent,43681,"[Museum Catharijneconvent., Rijksmuseum Het Catharijneconvent (Utrecht), Rijksmuseum Het Catharijneconvent (Utrecht, Pays-Bas), Museum Catharijneconvent Utrecht (NL-Urc), Museum Catharijneconvent Utrecht, Pays-Bas, St. Catherine's Convent (Sion Hill, Dublin), Museum Catharijneconvent (Utrecht)]",152743245.0,0000000417850247,,
43766,108,Bibliothèque de la Sorbonne,Bibliothèque de la Sorbonne,43675,"[Bibliothèque de la Sorbonne (Paris), Bibliothèque de l'Université de France, Bibliothèque interuniversitaire de la Sorbonne (Paris)]",149068766.0,0000000121817384,,
43767,108,Archives Départementales de la Vienne,Archives dép. La Vienne,42716,[],142526182.0,,,
43768,108,Stiftsbibliothek Seitenstetten,Stiftsbibliothek,43682,"[Benediktinerstift Seitenstetten. Bibliothek, Benediktinerstift Seitenstetten. Stiftsbibliothek]",169315054.0,,,
43769,108,Schøyen Collection,Schøyen Collection,43592,"[Schøyen-samlingen, Schøyen Collection of Western Manuscripts]",152129314.0,,,
43770,108,Bloomsbury Book Auctions,Bloomsbury Book Auctions,43399,"[Bloomsbury Book Auctions (Firm) London auctioneer founded by Frank Hermann and David Stagg, Bloomsbury Book Auctions (Firme), Bloomsbury Book Auctions (firma), Bloomsbury Book Auctions London]",125125135.0,,,
43771,108,Cathedral Library Ripon,Cathedral Library Ripon,43683,[],2.415903276400118e+19,,,
43772,108,Bibliothèque Municipale Dijon,Bibliothèque Municipale Dijon,43684,"[Bibliothèque municipale de Dijon, Dijon (France). Bibliothèque municipale, Bibliothèque municipale Dijon (F-Dm)]",169261871.0,0000000404477551,,
43773,108,Fondation Martin Bodmer,Fondation Martin Bodmer,43685,"[Fondation Martin Bodmer (Cologny), Foundation Martin Bodmer, Fondation Martin Bodmer (Cologny, Suisse)]",134321830.0,0000000121621672,,
43774,108,Bibliothèque de Toulouse,Bibliothèque de Toulouse,42738,"[Bibliothèques de Toulouse, Bibliothèque Municipale Toulouse, Bibliothèque municipale de Toulouse]",124593334.0,0000000120971793,,
43775,108,Yale university. Library,Yale university. Library,43496,"[Yale University Library (New Haven, Connecticut), Yale university library New Haven, Conn.]",134837061.0,0000000122898075,,
43776,108,Biblioteca nazionale di Torino,Biblioteca nazionale di Torino,43649,"[Biblioteca nazionale universitaria Torino (I-Tn), Biblioteca nazionale universitaria di Torino, Biblioteca nazionale universitaria Turin, Italie, Biblioteca Nazionale (Torino), Biblioteca nazionale universitaria di Torino Italia, Biblioteca nazionale universitaria (Turyn)., Biblioteca Nazionale Universitaria]",137869949.0,0000000121669553,,
43777,108,Archives de l'État à Liège,Archives de l'État à Liège,43648,[],258599271.0,0000000096909032,,
43778,108,Biblioteca nazionale di Napoli,Biblioteca nazionale di Napoli,43687,"[Biblioteca Nazionale Vittorio Emanuele III Napoli (I-Nn), Biblioteca nazionale Vittorio Emanuele III (Napoli), Biblioteca nazionale (Naples, Italie), Biblioteca nazionale (Nàpols, Itàlia), Biblioteca nazionale (Naples, Italy), Biblioteca nazionale Vittorio Emanuele III Naples, Italie, Biblioteca nazionale Vittorio Emanuelle III (Napoli), Biblioteca Nazionale, Biblioteca nazionale (Νεάπολη, Ιταλία), Biblioteca nazionale Vittorio Emanuele III, Biblioteca Nazionale Vittorio Emanuele III (Neapol).]",123993876.0,0000000119310912,,
43779,108,"University of Missouri, Ellis library",University of Missouri Ellis Library,43688,"[University of Missouri, Elmer Ellis Library Columbia, MO (US-COL), Université du Missouri]",132493960.0,0000000121679268,,
43780,108,Bibliothèque municipale,Bibliothèque municipale,42641,"[Bibliothèque publique (Dijon), Bibliothèque municipale de Besançon, Bibliothèque Municipale, Bibliothèque municipale Besançon (F-B)]",149564739.0,0000000122962452,,
43782,108,Académie Saint-Anselme,Académie Saint-Anselme,43985,"[Société académique, religieuse et scientifique du duché d'Aoste, Académie Saint-Anselme Aoste, Italie]",144844940.0,0000000121762686,,
43783,108,Thomas Fisher Rare Book Library,Thomas Fisher Rare Book Library,43434,"[Thomas Fisher rare book library (Toronto, Canada), University of Toronto. Thomas Fisher Rare Book Library, Thomas Fisher rare book library Toronto, Ont., Bibliothèque de livres rares de Thomas Fisher, University of Toronto, Thomas Fisher Rare Book Library Toronto (CDN-Ttfl), University of Toronto Library, Thomas Fisher Rare Book Library Toronto]",153502342.0,0000000121885037,,
43784,108,Bibliothèque municipale,Bibliothèque municipale,42626,"[Bibliothèques d'Albi, Médiathèque Pierre Amalric Albi, Bibliothèque municipale d'Albi, Bibliothèque Municipale, Bibliothèque Municipale Rochegude]",262526603.0,0000000108055936,,
43785,108,University of Durham. Library,University of Durham Library,43658,"[University Library Durham (GB-DRu), Durham University Library, University Durham Library, University of Durham. University Library]",264479328.0,0000000121602500,,
43786,108,Bibliothèque municipale,Bibliothèque municipale,43697,"[Bibliothèque municipale (Bourg-en-Bresse), Bibliothèque municipale Bourg-en-Bresse (F-BG), Médiathèque Elisabeth et Roger Vailland Bourg-en-Bresse]",140283992.0,,,
43787,108,Rijksuniversiteit te Gent. Bibliotheek,Rijksuniversiteit te Gent Bibliotheek,43690,"[Universiteitsbibliotheek Gand, Belgique, Rijksuniversiteit Gent. Bibliothek, Universiteitsbibliotheek UGent, Universiteitsbibliotheek Gent (B-Gu), Rijksuniversiteit (Gandawa). Bibliotheek., Universiteitsbibliotheek Gent]",139553481.0,0000000123484448,,
43788,108,Biblioteca Universitaria de Salamanca,Biblioteca Universitaria de Salamanca,43691,"[Biblioteca Universitaria (Salamanca), Universidad de Salamanca. Biblioteca General Histórica, Biblioteca General Històrica de la Universitat de Salamanca, Universidad de Salamanca., Biblioteca, Biblioteca General de la Universidad de Salamanca, Universidad Salamanca Biblioteca General, Biblioteca General Histórica (Universidad de Salamanca) Salamanca (E-SAu), Universidad de Salamanca. Biblioteca General.]",4.171455516433967e+20,0000000122921706,,
43789,108,Médiathèque du Grand Troyes,Médiathèque du Grand Troyes,42741,"[Médiathèque Jacques-Chirac Troyes (F-T), Bibliothèque de Troyes, Médiathèque Jacques-Chirac, Bibliothèque municipale à vocation régionale de Troyes]",157848133.0,0000000120977415,,
43790,108,Archivio capitolare,Archivio capitolare,43060,"[Archivio capitolare Pistoia, Italie, Archivio capitolare Pistoia (I-PS), Archivio capitolare di Pistoia]",239178458.0,,,
43791,108,Stichting Huis Bergh,Stichting Huis Bergh,43692,[],154547278.0,,,
43792,108,Österreichische Nationalbibliothek,Österreichische Nationalbibliothek,43576,"[كتابخانهى ملى اتريش, Áustria., Österreichische Nationalbibliothek, הספרייה הלאומית של אוסטריה, Austriacka Biblioteka Narodowa, Österreichische Nationalbibliothek (Viedeň, Rakúsko), Österreichische Nationalbibliothek (Wien)]",136765452.0,0000000123064881,,
43793,108,Bibliothèque municipale,Bibliothèque municipale,42711,"[Orléans (France). Bibliothèque municipale, Bibliothèques d'Orléans, Bibliothèque municipale Orléans (F-O), Bibliothèque municipale d'Orléans]",150025322.0,0000000122487356,,
43794,108,Columbia University. Rare Book and Manuscript Library,Columbia Rare Book & Manuscript,43498,"[Columbia University Rare Book & Manuscript Library, Columbia university New York, Rare book and manuscript library, Rare Book and Manuscript Library, Rare Book and Manuscript Library (Columbia University)]",126134765.0,0000000121080802,,
43795,108,University of Nottingham. Library,University of Nottingham Library,43693,[],158808798.0,0000000108170555,,
43796,108,Universitätsbibliothek Leipzig,Universitätsbibliothek Leipzig,42855,"[Universität Leipzig (Alemania). Bibliothek, Universitätsbibliothek der Universität Leipzig]",142483245.0,0000000123092970,,
43797,108,University of Chicago,University of Chicago,43462,"[University of Chicago private university in Chicago, Illinois, Universidad de Chicago]",143657677.0,,,
43798,108,Bibliothèque universitaire Henri de Lubac Lyon,Bibliothèque universitaire Henri de Lubac,42688,[Université catholique de Lyon. Bibliothèque universitaire Henri de Lubac],305396398.0,,,
43799,108,"Bibliothèque inguimbertine Carpentras, Vaucluse",Bibliothèque Inguimbertine Carpentras,43694,"[bibliothèque Inguimbertine, Bibliothèque Inguimbertine Carpentras (F-C), Bibliothèque inguimbertine de Carpentras, Bibliothèque Inguimbertine (Carpentras)]",150807197.0,0000000123533625,,
43800,108,University of Glasgow. Library,University of Glasgow Library,43695,"[University of Glasgow, University Library, University Library Glasgow (GB-Gu), Glasgow University Library]",139315116.0,0000000112505848,,
43801,108,Biblioteca nazionale centrale di Firenze,Biblioteca nazionale centrale di Firenze,43639,"[Biblioteca nazionale centrale (Firenze), Itália Biblioteca Nazionale Centrale, Biblioteca Nazionale Centrale (Florencja)., Biblioteca nazionale centrale Florence, Italie, Itália., Biblioteca Nazionale Centrale (Firenze), הספרייה הלאומית המרכזית של פירנצה]",143744216.0,0000000417559409,,
43802,108,Harvard university library,Harvard University Library,43457,"[Harvard University Library (Cambridge, Mass.), Harvard University, Harvard College Library Cambridge, MA (US-CA)]",129558359.0,0000000114819074,,
43803,108,"Archives départementales de la Marne, Centre de Châlons",Archives dép. la Marne,43671,[Archives du département de la Marne],157681964.0,0000000119456380,,
43804,108,Hessische Landes- und Hochschulbibliothek Darmstadt,Universitäts- und Landesbibliothek,43696,"[Hessische Landes- und Hochschulbibliothek, Hessischen Landes- und Hochschulbibliothek Darmstadt, Hessische Landes- und Hochschulbibliothek Darmstadt, Allemagne]",127347391.0,0000000121536988,,
43805,108,"Corpus Christi College, Parker Library","Corpus Christi College, Parker Library",43630,"[Parker Library (Corpus Christi College), Corpus Christi College (Cambridge) Cambridge (GB-Ccc), Parker Library, Corpus Christi College Cambridge, GB, Library]",132157055.0,0000000090493507,,
43806,108,Erfgoedbibliotheek Hendrik Conscience,Erfgoedbibliotheek Hendrik Conscience,43652,"[Erfgoedbibliotheek Hendrik Conscience, Erfgoedbibliotheek Hendrik Conscience (Anvers, Belgique), Erfgoedbibliotheek Hendrik Conscience Anvers]",286682135.0,,,
43807,108,Universitäts- und Landesbibliothek Düsseldorf,Universitäts- und Landesbibliothek,42782,"[Universitäts-und Landesbibliothek Düsseldorf, Allemagne, Heinrich-Heine-Universität, Universitäts- und Landesbibliothek Düsseldorf (D-DÜl)]",125646738.0,0000000109410725,,
43808,108,Bibliothèque municipale,Bibliothèque municipale,42692,"[Bibliothèque municipale Marseille (F-Mm), Bibliothèque Municipale Saint-Charles (Marseille), Bibliothèque municipale, Bibliothèque municipale de Marseille]",168603372.0,0000000122046745,,
43809,108,Sächsische Landesbibliothek,Sächsische Landesbibliothek,43698,"[Sächsische Landesbibliothek (Drezno)., Sächsische Landesbibliothek (Dresden, Alemanya), Sächsische Landesbibliothek Dresden, SLUB, Sächsische Landesbibliothek (Drēzdene, Vācija), Sachsische Landesbibliothek (Alemanha), Sächsische Landesbibliothek, Sächsische Landesbibliothek (Drážďany, Německo), Sächsische Landesbibliothek (Dresde, Allemagne)]",122203699.0,0000000123081585,,
43810,108,Massachusetts Historical Society,Massachusetts Historical Society,43453,"[Massachusetts Historical Society (Estados Unidos), Massachusetts Historical Society Library Boston, MA (US-Bhs)]",125214072.0,0000000121515650,,
43811,108,"University of California, Los Angeles. Library",UCLA Library,43487,"[University of California (Berkeley, Calif.) Library, University research library, University research library Los Angeles, Calif., University of California (Los Angeles). University Research Library, University of California Los Angeles, Calif, Library, University of California, Los Angeles. Research Library]",132228110.0,0000000121602279,,
43812,108,Bibliothèque de la ville,Bibliothèque de la ville,42576,"[Bibliothèque publique de la Ville (Neuenburg, Schweiz), Médiathèque municipale de Saint-Étienne.]",134350873.0,0000000122886293,,
43813,108,Biblioteca Civica Nicolò Cuneo Camogli,Biblioteca Civica Nicolò Cuneo Camogli,43699,[],2.8159032787301183e+19,,,
43814,108,Bibliothèque de Chartres,Bibliothèque de Chartres,43700,"[Bibliothèque municipale (Chartres)., bibliothèque municipale de Chartres, Bibliothèque Municipale]",129750491.0,0000000121564938,,
43815,108,Fitzwilliam Museum,Fitzwilliam Museum,43630,"[Fitzwilliam Museum Cambrigde, Great Britain, Fitzwilliam Museum Cambridge]",159048724.0,0000000120978530,,
43816,108,University of Cambridge. Library,University of Cambridge. Library,43630,"[University of Cambridge (Inglaterra). Library, אוניברסיטת קיימברידג'. הספרייה, Biblioteka Uniwersytetu w Cambridge, University of Cambridge. University Library, Llyfrgell Prifysgol Caergrawnt]",140790558.0,0000000459040795,,
43817,108,Stadtbibliothek Trier,Stadtbibliothek Trier,43701,"[Stadtbibliothek Trèves, Allemagne, Stadtbibliothek Trier, Deutschland]",156462269.0,0000000123697101,,
43818,108,Newberry Library,Newberry Library,43462,"[Newberry Library (Chicago, Estados Unidos), Newberry library Chicago, Ill., The Newberry Library Chicago, IL (US-Cn)]",155372052.0,0000000121898997,,
43819,108,Archives départementales de l'Ariège,Archives départementales de l'Ariège,42669,"[Ariège. Archives départementales, Archives départementales (Ariège)]",149670800.0,0000000121827160,,
43820,108,Trinity College,Trinity College,43630,"[University of Cambridge Trinity College, Trinity College Cambridge, Colaiste na Trianaide, Trinity College Library Cambridge (GB-Ctc), Trinity College, Trinity college Cambridge, GB]",137201631.0,0000000122431918,,
43821,108,Biblioteca estense,Biblioteca estense,43702,"[Biblioteca estense (Modène, Italie), Biblioteca estense, Biblioteca Estense Universitaria Modena (I-MOe), Biblioteca estense (Modena, Itálie), Biblioteca Estense universitaria Modène, Italie, Biblioteca Estense Universitaria, Biblioteca Estense Modena, Italija, Biblioteca Estense (Modène), Biblioteca estense (Modena, Italy)]",141633615.0,0000000121716938,,
43822,108,Biblioteca arcivescovile,Biblioteca arcivescovile,43656,"[Biblioteca arcivescovile di Udine, Biblioteca arcivescovile (Udine, Italie), Biblioteca Arcivescovile e Bartoliniana Udine (I-UDba), Palazzo Patriarcale]",168805686.0,0000000121135658,,
43823,108,Biblioteca trivulziana,Biblioteca trivulziana,43625,"[Biblioteca trivulziana Milan, Italie, Biblioteca Trivulziana (Milano)]",125172064.0,0000000119451934,,
43824,108,Bowdoin College. Library,Bowdoin College. Library,43703,[Hawthorne Longfellow Library],140802630.0,,,
43825,108,College of Arms,College of Arms,43399,"[College of arms, College of arms GB, Coleg yr Arfau, College of Arms (Grande-Bretagne), College of Arms (Inghilterra), College of arms (Londres)]",143970573.0,0000000404228686,,
43826,108,Biblioteca medicea laurenziana,Biblioteca medicea laurenziana,43639,"[Medicean-Laurentian Library, Biblioteca medicea laurenziana (Firenze), Biblioteca Medicea Laurenziana Florence, Italie, Biblioteka Laurenziana (Florencja), Biblioteca Medicea Laurenziana (Florencja).]",133196672.0,0000000122867164,,
43827,108,Bibliothèque Interuniversitaire Section Médecine,Bibliothèque de l'École de médecine,42700,"[Bibliothèque interuniversitaire (Montpellier, France). Section médecine, Bibliothèque universitaire Historique de Médecine Montpellier (F-MOf), Bibliothèque interuniversitaire de Montpellier, Bibliothèque interuniversitaire (Montpellier, Francie). Section médecine]",150088932.0,0000000121754440,,
43828,108,"L'Académie des Sciences, Belles-Lettres et Arts de Lyon, Bibliothèque Lyon",L'Académie des sciences et belles-lettres,42688,[],1.7115903264890117e+20,,,
43829,108,Archives départementales de l'Eure,Archives départementales de l'Eure,42668,"[Archives départementales (Eure), Eure. Archives départementales, Archives Départementales de l'Eure (Évreux), Archives départementales de l'Eure service public départementalisé de gestion des archives en dépôt]",155505991.0,0000000121903565,,
43830,108,Bibliothèque de Genève,Bibliothèque de Genève,43708,"[Bibliothèque publique et universitaire (Genewa), Bibliothèque publique et universitaire de Genève, Bibliothèque de Genève Genève (CH-Gpu), Bibliothèque de Genève (2006)]",150676214.0,0000000121844366,,
43831,108,Stadtbibliothek Hannover,Stadtbibliothek Hannover,42802,"[Stadtbibliothek, Musikbibliothek Hannover (D-HVs), Stadtbibliothek (Hanower)., Hannover (Germany). Stadtbibliothek, Stadtbibliothek Hannover (Hannover, Germany)]",144893230.0,0000000122600523,,
43832,108,Cumbria Record Office,Cumbria Record Office,43646,[],137464537.0,,,
43833,108,Abbaye Notre-Dame de Saint-Rémy,Abbaye Notre-Dame de Saint-Rémy,43704,"[Abbaye Notre-Dame de Saint-Remy Rochefort, Marche-en-Famenne]",129738649.0,0000000121564671,,
43834,108,Bibliothèque d'Arras,Bibliothèque d'Arras,43706,"[Bibliothèque Municipale, Bibliothèque municipale d'Arras, Bibliothèque municipale (Arras)]",172428812.0,0000000103579589,,
43835,108,Archives nationales France,Archives nationales France,43675,"[Archives nationales (Frankrike), Archives nationales (França)., Archives de France, Archives nationales, Archives Nationales (Paris; Pierrefitte-sur-Seine; Fontainebleau), Archives nationales (Francia), Archives Nationales Paris (F-Pan), Direction des archives de France.]",131469365.0,0000000121589529,,
43836,108,Wilhelmsstift. Bibliothek,Wilhelmsstift. Bibliothek,43709,[Konviktsbibliothek Wilhelmsstift],152590686.0,,,
43837,108,"Biblioteca civica Berio Gênes, Italie","Biblioteca civica Berio Gênes, Italie",43710,"[Biblioteca civica Berio (Genoa, Italy), Biblioteca civica Berio., Biblioteca civica Berio (Genova), Biblioteca Berio, Biblioteca Civica Berio (Genua), Biblioteca Civica Berio Genova (I-Gc)]",148667823.0,0000000121811855,,
43838,108,Kungliga Biblioteket,Kungliga Biblioteket,42574,"[Kungl. biblioteket, Kungliga biblioteket (Stockholm), Kungliga biblioteket Suède, Kungliga Biblioteket (Švédsko), Kungliga Bibliotek, Kungliga Biblioteket (Zviedrija), Kungliga Biblioteket (Štokholm, Švédsko), Kungliga Biblioteket (Sztokholm)., Biblioteka Królewska (Szwecja), Kungliga biblioteket Sverige, Suécia., Kungliga Biblioteket, Kungliga Biblioteket (Suécia), Kungliga biblioteket, Biblioteca Real (Suecia), נאציאנאלע ביבליאטעק פון שוועדן]",240610793.0,0000000123370977,,
43839,108,Bibliothéque Nationale et Universitaire de Strasbourg,BNU,42736,"[Bibliothèque nationale et universitaire (Strasburg), Bibliothèque nationale et universitaire Strasbourg (F-Sn), Bibliothèque nationale et universitaire (Strasbourg), bibliothèque nationale et universitaire]",135553188.0,0000000121631491,,
43840,108,"Musée Condé, Château de Chantilly","Musée Condé, Château de Chantilly",43711,"[Musée Condé Chantilly, Oise, Bibliothèque du Musée Condé Chantilly (F-CH), Musée Condé (Chantilly), Musée Condé (Chantilly, Francia)]",139676854.0,0000000123148954,,
43841,108,Nicolaus-Matz-Bibliothek Michelstadt,Nicolaus-Matz-Bibliothek,43712,"[Nicolaus-Matz-Bibliothek Michelstadt, Allemagne, Nicolaus-Matz-Bibliothek]",153705244.0,0000000122304206,,
43842,108,Archives départementales de l'Ardèche,Archives dép. l'Ardèche,42721,"[Archives départementales (Ardèche), Ardèche. Archives départementales, archives départementales de l'Ardèche archives du département de l'Ardèche]",129747833.0,0000000121564866,,
43843,108,Bibliothèque de la ville de Tournai,Bibliothèque de la ville de Tournai,43139,"[Bibliothèque de la ville de Mons, Bibliothèque publique (Mons, Belgique), Bibliothèque publique (Mons), Bibliothèque Publique]",127889581.0,0000000106590273,,
43844,108,Abbaye de Clervaux,Abbaye de Clervaux,43713,"[Abbaye Saint-Maurice-et-Saint-Maur (Clervaux)., Abbaye Saint Maurice et Saint Maur (Clerf), Klasztor św. Maurycego i św. Maura (Clervaux), abbaye Saint-Maurice-et-Saint-Maur, Abbaye Saint-Maurice-et-Saint-Maur Clervaux, Luxembourg]",148865760.0,,,
43845,108,Bibliothèque municipale de Nantes,Bibliothèque municipale de Nantes,42704,"[Bibliothèque municipale, Bibliothèque municipale (Nantes)., Bibliothèque municipale (Nantes, Loire-Atlantique), Bibliothèque municipale Nantes (F-Nm)]",155307846.0,0000000106740171,,
43846,108,Uniwersytet Jagielloński,Uniwersytet Jagielloński,43136,"[Uniwersytet Jagielloński (Kraków), Uniwersytet Jagielloński Cracovie, Pologne, Uniwersytet Jagielloński w Krakowie, Ягелонскі ўніверсітэт, Uniwersytet Jagielloński (Kraków, Polska)]",135493691.0,0000000123374740,,
43847,108,Bodleian Library,Bodleian Library,43407,"[ספריית בודליאנה, Бодлеянская библиотека, Biblioteka Bodlejańska, Bodleian Library (Oxford), University of Oxford., Bodleian Library, Bodleian library Oxford, GB, Llyfrgell Bodley]",129788129.0,0000000123029752,,
43848,108,Achives départementales du Morbihan,Achives départementales du Morbihan,42744,"[archives départementales du Morbihan, Archives Départementales du Morbihan Vannes, Archives départementales (Morbihan)]",125571104.0,0000000121520521,,
43849,108,Bibliothèque Sainte-Geneviève,Bibliothèque Sainte-Geneviève,43675,"[Bibliothèque Sainte-Geneviève Paris (F-Psg), Bibliothèque Sainte-Geneviève (París), Bibliothèque Sainte-Geneviève (Paris, France)]",134676439.0,0000000122894162,,
43850,108,Lambeth Palace. Library,Lambeth Palace. Library,43399,"[Lambeth Palace Library (London), Lambeth palace library Londres]",2.211491962689748e+20,0000000122425921,,
43851,108,Bibliothèque Municipale,Bibliothèque Municipale,42657,"[Médiathèque Équinoxe (Châteauroux, France), Médiathëque (Châteauroux), Médiathèque Equinoxe Châteauroux, Equinoxe - La Médiathèque Châteauroux (F-CHAme)]",133346225.0,,,
43852,108,"El Escorial, Biblioteca del Monasterio de S Lorenzo",Biblioteca del Monasterio S Lorenzo,43715,"[Real Biblioteca de El Escorial, Espanha., Real Monasterio de San Lorenzo del Escorial., Biblioteca, Real Biblioteca del Monasterio de San Lorenzo de El Escorial El Escorial (E-E), Kloster El Escorial Bibliothek, Biblioteca del Monestir de l'Escorial, Real Monasterio de San Lorenzo del Escorial (Madrid). Biblioteca, Real Monasterio de San Lorenzo de El Escorial. Biblioteca., Monasterio de El Escorial. Biblioteca, Monasterio de San Lorenzo el Real del Escorial (San Lorenzo del Escorial, Espagne). Real Biblioteca]",122563904.0,0000000122924536,,
43853,108,Archives de l'État à Namur,Archives de l'État à Namur,43716,"[Archives de l'État (Namur), Archives de l'Etat (Belgique ; Namur), Belgique. Archives de l'État à Namur, Archives de l'Etat Namur (B-Naet)]",148424799.0,0000000109445936,,
43854,108,Biblioteca nazionale marciana,Biblioteca nazionale marciana,43717,"[Biblioteca di San Marco (Venedig), Biblioteca nazionale marciana (Venezia), Вінниця. Центральна бібліотека, Itália., Biblioteca Nazionale Marciana, Biblioteca nazionale Marciana Venise, Italie]",156622926.0,0000000114060483,,
43855,108,Regionaal Historisch Centrum Limburg,Regionaal Historisch Centrum Limburg,43718,"[Regionaal Historisch Centrum Limburg (Maastricht, Pays-Bas), Regionaal Historisch Centrum Limburg Maastricht]",143322092.0,0000000122228514,,
43856,108,Universitäts- und Landesbibliothek Münster,Universitäts- und Landesbibliothek,43615,[Universitäts- und Landesbibliothek Münster (D-MÜu)],130353592.0,0000000121573156,,
43857,108,Bibliothèque cantonale et universitaire,Bibliothèque cantonale et universitaire,43614,"[Bibliothéque cantonale et universitaire, Bibliothèque cantonale et universitaire (Fribourg) Fribourg (CH-Fcu), Bibliothèque cantonale et universitaire (Fribourg, Suisse), Bibliothèque cantonale et universitaire de Fribourg, Bibliothèque cantonale et universitaire (Fribourg, Fribourg, Suisse), Bibliothèque cantonale et universitaire (Vaud, Suisse), Bibliothèque cantonale et universitaire (Fribourg, Švýcarsko), Bibliothèque cantonale et universitaire (Fribourg, Switzerland), Kantons- und Universitätsbibliothek Freiburg]",128996068.0,0000000122894189,,
43858,108,Dundee City Archives,Dundee City Archives,43616,"[City Archives Dundee (GB-DUca), Dundee City Archives UK archive]",143464086.0,,,
43859,108,Biblioteca Antonio Panizzi,Biblioteca Antonio Panizzi,43617,"[Biblioteca municipale Antonio Panizzi (Reggio Emilia), Biblioteca Panizzi, Biblioteca Antonio Panizzi Reggio Emilia, Italie]",145262876.0,0000000119414017,,
43860,108,Archives départementales du Tarn,Archives départementales du Tarn,42626,"[Archives Départementales du Tarn Albi, Archives départementales (Tarn)]",132101756.0,0000000121599356,,
43861,108,Boston Public Library,Boston Public Library,43453,"[Public Library, ボストン公共図書館, Boston Public Library library system in Boston, Massachusetts]",133435180.0,0000000122873150,,
43862,108,Archivio di Stato,Archivio di Stato,43702,"[Archivio di Stato (Modena, Itálie), Archivio di Stato (Sienne, Italie), Archivio di Stato (Modena), Archivio di Stato Modena (I-MOs), Italie. Archivio di Stato (Sienne), Archivio di Stato di Modena]",151296005.0,0000000121119113,,
43863,108,Archivio di Stato,Archivio di Stato,43618,"[Archivio di Stato di Treviso, Archivio di Stato di Treviso (Italy)]",141176281.0,0000000095731412,,
43864,108,Biblioteca Nacional,Biblioteca Nacional,43714,"[Biblioteca Nacional Madrid, Hiszpańska Biblioteka Narodowa, Espanha., Biblioteca Nacional, Biblioteca Nacional España, Biblioteca nacional Espagne, Biblioteca Nacional (Španielsko)]",150572288.0,0000000417659012,,
43865,108,St John's College Library,St John's College Library,43630,"[St. John's College, The Library Cambridge (GB-Cjc), St. John's college Cambridge, GB, Library, St John's College (Cambridge) Library, St. John's College (Oxford). Library, St. John's College (University of Oxford). Library]",138310280.0,0000000123097261,,
43866,108,Biblioteca comunale Fabriano,Biblioteca comunale Fabriano,43619,[],2.2159032531501183e+19,,,
43867,108,Wojewódzka i Miejska Biblioteka Publiczna im. Josepha Conrada-Korzeniowskiego,Wojewódzka i Miejska Biblioteka,43129,"[Wojewódzka i Miejska Biblioteka Publiczna (Gdańsk)., Wojewódzka i Miejska Biblioteka Publiczna w Gdańsku]",138379450.0,0000000122347572,,
43868,108,Bibliothèque Municipale,Bibliothèque Municipale,43620,"[Bibliothèque municipale Boulogne-sur-Mer (F-BSM), Bibliothèque municipale des Annonciades (Boulogne-sur-Mer, Pas-de-Calais), Bibliothèque des Annonciades Boulogne-sur-Mer, Pas-de-Calais]",149392350.0,,,
43869,108,Universitätsbibliothek Gießen,Universitätsbibliothek Gießen,43621,"[Universitätsbibliothek Giessen (Alemania), Universitätsbibliothek Gießen, Allemagne, Justus-Liebig-Universität, Universitätsbibliothek Gießen (D-GI)]",154192976.0,0000000123593820,,
43870,108,Biblioteca de Montserrat,Biblioteca de Montserrat,43989,"[Montserrat (abbazia benedettina). Biblioteca, Abadía de Montserrat. Biblioteca, Montserrat (Monestir). Biblioteca, Montserrat (Abbey). Biblioteca, Kloster Montserrat Bibliothek, Montserrat (kloster) Biblioteca, Arxiu Històric Musical de Montserrat - Biblioteca de Montserrat Montserrat (E-MO)]",150819331.0,0000000119573317,,http://www.bibliotecademontserrat.net/
43871,108,Archives départementales de Vaucluse,Archives dép. Vaucluse,42635,"[archives départementales de Vaucluse archives du département du Vaucluse, Archives départementales de Vaucluse, Vaucluse. Archives départementales, Archives Départementales de Vaucluse (Avignon), Archives départementales de Vaucluse Avignon (F-Aa)]",126072696.0,0000000121078577,,
43872,108,Médiathèque Louis Aragon,Médiathèque Louis Aragon,43622,"[Médiathèque Louis-Aragon Le Mans (F-LM), Médiathèque Louis Aragon (Le Mans, Sarthe), Médiathèque Louis Aragon (Le Mans, France), médiathèque Louis-Aragon Le Mans]",123371116.0,,,
43873,108,Universitaire Bibliotheken Leiden,Universitaire Bibliotheken Leiden,43362,"[Rijksuniversiteit te Leiden., Bibliotheek, Leiden University Library, Bibliotheek der Rijksuniversiteit Leiden, Universiteitsbibliotheek (Lejda)., Universiteitsbibliotheek (Leyde, Pays-Bas), Rijksuniversiteit Leiden Bibliotheek]",133132602.0,0000000122932800,,
43874,108,Universitätsbibliothek Salzburg,Universitätsbibliothek Salzburg,43623,"[Universitätsbibliothek Salzbourg, Autriche, Universitätsbibliothek Salzburg (A-Su), Universitätsbibliothek Salzburg, Universität]",138814138.0,0000000123549184,,
43875,108,Médiathèque municipale Jean-Lévy Lille,Médiathèque municipale Jean-Lévy Lille,42685,"[Médiathèque municipale Jean Lévy Lille, France, Bibliothèque municipale (Lille), Bibliothèque municipale de Lille, Lille (France). Bibliothèque municipale, Bibliothèque municipale Lille (F-Lm), Bibliothèque Municipale]",122615193.0,0000000121499662,,
43876,108,Archivio di Stato di Vicenza,Archivio di Stato di Vicenza,43624,"[Archivio di Stato di Vicenza archives in Italy, Archivio di Stato Vicenza (I-VIas)]",253625058.0,,,
43877,108,Archives départementales du Doubs,Archives départementales du Doubs,42641,"[Archives départementales du Doubs (Besançon), archives départementales du Doubs service d'archives départementales, Archives du Doubs, Doubs. Archives départementales]",157132944.0,0000000121598951,,
43878,108,Biblioteca ambrosiana,Biblioteca ambrosiana,43625,"[Biblioteca Ambrosiana (Milano), Biblioteka Ambrozjańska, مكتبة الامبروزيانا، ميلانو, Biblioteca Ambrosiana Milan, Italie, Biblioteca Ambrosiana Milano (I-Ma)]",147341799.0,0000000122947471,,
43879,108,Biblioteca civica queriniana,Biblioteca civica queriniana,43626,"[Civica biblioteca queriniana di Brescia (Itálie), Civica biblioteca queriniana di Brescia (Italy), Biblioteca civica queriniana di Brescia, Biblioteca civica Queriniana (Brescia, Italy), Civica biblioteca queriniana di Brescia (Itàlia), Biblioteca Quer., Biblioteca civica queriniana (Brescia), Biblioteca civica queriniana Brescia, Italie, Biblioteca Queriniana Brescia (I-BRq)]",129963670.0,0000000121567944,,
43880,108,Archives départementales de la Haute-Saône,Archives dép. Haute-Saône,42745,"[Haute-Saône. Archives départementales, archives départementales de la Haute-Saône archives du département de la Haute-Saône]",151846417.0,0000000121859277,,
43881,108,University of St Andrews Library,University of St Andrews Library,43627,[University of Saint Andrews. Library],137737086.0,0000000099390766,,
43882,108,Archives de l'Ancien Évêché de Bâle,Arch. de l'Ancien Évêché de Bâle,43628,"[Fondation des Archives de l'ancien Evêché de Bâle (Porrentruy), Catholic Church. Diocese of Basel (Switzerland). Archives, Catholic Church Archives, fondation des archives de l'ancien Évêché de Bâle]",134024865.0,0000000091570332,,
43883,108,Bibliothèque municipale,Bibliothèque municipale,42739,"[Tours., Bibliothèque Municipale, bibliothèque municipale de Tours, Bibliothèque municipale Tours (F-TOm)]",148314108.0,0000000121540856,,
43884,108,Niedersächsische Staats-und Universitätsbibliothek Göttingen,Staats-und Universitätsbibliothek,42797,[Niedersächsische Staats- und Universitätsbibliothek Göttingen (D-Gs)],139495279.0,0000000121695516,,
43885,108,John Rylands Library,John Rylands Library,43401,"[John Rylands library Manchester, GB, Llyfrgell John Rylands, John Rylands University Library Manchester (GB-Mr), John Rylands Library (Manchester), John Rylands library (Manchester, GB) (1900-1972)]",312795145.0,0000000119411238,,
43886,108,Archives départementales de la Gironde,Archives dépar. La Gironde,42644,"[Archives départementales de la Gironde (Bordeaux), Archives départementales (Gironde), Archives de la Gironde, archives départementales de la Gironde service d'archives départementales, Gironde. Archives départementales, Archives départementales de la Gironde Bordeaux (F-BOa)]",126219118.0,0000000121082832,,
43887,108,Universiteitsbibliotheek Amsterdam,Universiteitsbibliotheek,43629,"[Bibliotheek der Universiteit van Amsterdam, Universiteit van Amsterdam. Bibliotheek, Universiteitsbibliotheek van Amsterdam, Universiteitsbibliotheek Amsterdam (NL-Au), Amsterdam University Library, Universiteitsbibliotheek]",121919918.0,0000000121496234,,
43888,108,St. John's College Oxford,St. John's College Oxford,43407,"[Coleg Sant Ioan, St. John's College (University of Oxford), St John's College, St John's College Library Oxford (GB-Ojc)]",152441516.0,0000000122966373,,
43889,108,Staatsbibliothek zu Berlin Preußischer Kulturbesitz,Staatsbibliothek zu Berlin Kulturbesitz,43580,"[Staatsbibliothek zu Berlin., Staatsbibliothek Preussischer Kulturbesitz (Berlin), Staatsbibliothek Berlin]",157207056.0,0000000123699481,,
43890,108,Jewish national and university library,Jewish National and University Library,43566,"[Bet ha-sefarim ha-leummí ve-ha-universitaí bi-Yeruixalàyim, בית הספרים הלאומי והאוניברסיטאי, Bet ha-sefarim ha-leʾumi ṿe-ha-universiṭaʾi ha-ʿivri, Bet ha-sefarim ha-leʾumi ṿeha-universiṭaʾi bi-Yerushalayim, National Library of Israel (Jérusalem), הספרייה הלאומית‏, دار الكتب الوطنية والجامعية, دار الكتب الوطنية والجامعية (القدس), National library of Israel, Sifriyah ha-le'umit (Israele), Jewish National and University Library, Biblioteka Narodowa Izraela, Бет Г'а-Сефарим Г'а-Леумми Вег'а-Университаи]",160568218.0,0000000121551336,,
43891,108,Peterhouse Library,Peterhouse Library,43630,"[Peterhouse Library Cambridge (GB-Cp), Peterhouse Library (University of Cambridge), Peterhouse (Cambridge). Library.]",135584585.0,,,
43892,108,Niedersächsische Landesbibliothek,Niedersächsische Landesbibliothek,42802,"[Niedersächsische Landesbibliothek Hannover, Deutschland, Niedersächsische Landesbibliothek (Hanower)., Niedersächsische Landesbibliothek (Hannover)]",149611494.0,0000000121825157,,
43893,108,Bibliothèque Méjanes,Bibliothèque Méjanes,43633,"[Bibliothèque Méjanes (Aix-en-Provence), Bibliothèque Municipale Méjanes Aix-en-Provence, Bibliothèque Méjanes Aix-en-Provence (F-AIXm), Bibliothèque Méjanes Aix-en-Provence, Bouches-du-Rhône]",135611890.0,0000000122904076,,
43894,108,"University of California, Berkeley. Library",UC Berkeley Library,43448,"[University of California, Berkeley Libraries maison d'édition, Library of the University of California (Berkeley)]",129907352.0,0000000121567258,,
43895,108,National Archives,National Archives,43399,"[National Archives London, National Archives (Großbritannien), National Archives (Gran Bretanya), National Archives (Wielka Brytania), National Archives (Lielbritānija), National archives GB, National Archives (Londyn)., National Archives (Velká Británie), Yr Archifau Cenedlaethol]",157574888.0,0000000121125804,,
43896,108,University of Pennsylvania. Library,U. Penn. Library,42603,"[Van Pelt Library, Van Pelt library Philadelphie, Pa., University of Pennsylvania Libraries, Van Pelt-Dietrich Library Center - Kislak Center Philadelphia, PA (US-PHukc)]",136552639.0,0000000109428327,,
43897,108,Universitätsbibliothek Bonn,Universitätsbibliothek,43631,[Universitäts- und Landesbibliothek Bonn],155781074.0,0000000104145010,,
43898,108,Universitätsbibliothek Basel,Universitätsbibliothek Basel,43634,"[Universitätsbibliothek Bâle, Suisse, Bibliothèque universitaire de Bâle, Öffentliche Bibliothek der Universität Basel]",146140663.0,0000000121861940,,
43899,108,Archivio della Fabbriceria di San Petronio,Archivio della Fabbriceria di San Petronio,43635,[Archivio musicale di San Petronio (Bologna)],127384386.0,,,
43900,108,National library of Wales,National Library of Wales,43636,"[Llyfrgell Genedlaethol Cymru Aberystwyth (GB-AB), Leabharlann Nàiseanta na Cuimrigh, Llyfrgell Genedlaethol Cymru, LLyfrgell Genedlaethol Cymru (Aberystwyth), National Library of Wales (Aberystwyth)]",139269948.0,0000000406057171,,
43901,108,Archives générales du Royaume,Archives générales du Royaume,43150,"[Algemeen Rijksarchief te Brussel, Archives générales du Royaume (Belgique), Archives générales du Royaume, Archives de l'État en Belgique, Bruxelles., Archives Generales du Royaume, Archives générales du Royaume (Bélgica), Archives générales du Royaume (Belgie)]",144844098.0,0000000121762651,,
43902,108,The Getty Foundation,The Getty Foundation,43487,"[Getty Foundation nonprofit organization in Los Angeles, United States]",136512731.0,,,
43903,108,Universitätsbibliothek Rostock,Universitätsbibliothek Rostock,43638,"[Universitätsbibliothek Rostock, Allemagne, Universitätsbibliothek (Rostock) Rostock, Universitätsbibliothek Rostock, Deutschland]",122573964.0,0000000122592551,,
43904,108,Bibliothèque royale de Belgique,Bibliothèque royale de Belgique,43150,"[Bélgica., Koninklijke Bibliotheek van België, Bibliothèque royale de Belgique (KBR) - Koninklijke Bibliotheek van België (KBR) Bruxelles; Brussel (B-Br), Biblioteka Królewska Belgii, Bibliothèque royale Albert Ier, Bibliothèque royale de Belgique (Bruxelles), Bibliothèque royale Albert Ier (Bruxelles, Belgique), Royal Library of Belgium]",312739455.0,0000000122714686,,
43905,108,Bibliotheca philosophica hermetica Amsterdam,Bibliotheca Philosophica Hermetica,43629,"[Bibliotheca Philosophica Hermetica Amsterdam, Nederland, Библиотека герметической философии (Амстердам), Bibliotheca Philosophica Hermetica (Amsterdama, Nīderlande), Bibliotheca Philosophica Hermetica (Amsterdam, Netherlands), Bibliotheca Philosophica Hermetica (library), Bibliotheca Philosophica Hermetica, Bibliotheca Philosophica Hermetica (Amsterdam, Nizozemsko)]",145158687.0,0000000110911607,,
43906,108,Bibliothèque publique et universitaire,Bibliothèque publique et universitaire,42576,"[Bibliothèque publique et universitaire Neuchâtel, Suisse, Bibliothèque publique de Neuchâtel, Bibliothèque publique et universitaire de Neuchâtel, Bibliothèque publique et universitaire de Neuchâtel (Neuchâtel) Neuchâtel (CH-N), Bibliothèque publique et universitaire (Neuchâtel, Neuchâtel, Suisse)]",154265638.0,0000000406409050,,
43907,108,Bibliothèque interuniversitaire,Bibliothèque interuniversitaire,42738,"[Bibliothèque interuniversitaire (Toulouse) (....-1995), Université de Toulouse. Bibliothèque.]",139091782.0,0000000123088082,,
43908,108,Institut français de Florence,Institut français de Florence,43639,"[Institut français (Firenze), institut français de Florence Institut français installé à Florence, Institut français (Florencja)., Institut français Florence, Italie]",137954560.0,0000000121672306,,
43909,108,Archives départementales de la Dordogne,Archives dép. De la Dordogne,42714,"[Archives Départementales de la Dordogne Périgueux, Archives départementales (Dordogne), Dordogne. Archives départementales, Archives départementales de la Dordogne Périgueux (F-PEad)]",131319133.0,0000000121587064,,
43910,108,Bibliothèque municipale,Bibliothèque municipale,42688,"[Bibliothèque municipale de Lyon., Bibliothèque de la Ville de Lyon, Bibliothèque municipale de Lyon réseau de bibliothèques à Lyon, Bibliothèque municipale Lyon, France, Bibliothèque municipale Lyon (F-LYm), Bibliothèque Municipale, Lyon., Bibliothéque Municipale]",140221169.0,0000000122919411,,
43912,108,Archivio Storico Comunale,Archivio Storico Comunale,43640,[],4.415903266180118e+19,,,
43914,108,St. Godehard zu Hildesheim,St. Godehard zu Hildesheim,43643,"[St. Godehard zu Hildesheim (Église : Allemagne), Sankt Godehard (Hildesheim), St. Godehard zu Hildesheim (kostel : Germany), Basilika St. Godehard]",129087628.0,,,
43915,108,Princeton university. Library,Princeton University Library,43644,"[Princeton University Library Princeton, NJ (US-PRu), Princeton University Libraries]",121763554.0,0000000121495514,,
43916,108,Biblioteca statale di Cremona,Biblioteca statale di Cremona,43645,"[Cremona., Biblioteca Statale, Biblioteca Statale di Cremona (Italia)]",130190696.0,0000000123087573,,
43917,108,Biblioteca pública provincial,Biblioteca pública provincial,43642,"[Biblioteca pública provincial Lugo, Espagne]",124448580.0,,,
43918,108,Trinity college Dublin,Trinity college Dublin,42954,"[Trinity College (Dublin, Irlande), Trinity College Library Dublin (IRL-Dtc), University of Dublin, Trinity College, Trinity College (Dublin, Ireland)., Trinity College Dublin, Éire, University Dublin, Dublin., Trinity College, University of Dublin university located in Dublin, Ireland, Trinity College (Dublín, Irlanda)]",261059942.0,0000000419369705,,
43919,108,British library,British library,43399,"[הספרייה הבריטית, Breetish Leebrary, 英国図書館, British Library London, Reino Unido., British Library, Biblioteka Brytyjska, المكتبة البريطانية]",121814978.0,0000000123081542,,
43920,108,Cathedral Library Carlisle,Cathedral Library Carlisle,43646,[Carlisle Cathedral. Library],128342404.0,,,
43921,108,"Biblioteca comunale Assise, Italie","Biblioteca comunale Assise, Italie",43586,"[Biblioteca comunale di Assisi, Kloster San Francesco Assisi Biblioteca, Sacro convento di S. Francesco (Assisi, Itálie). Biblioteca, Biblioteca del Sacro convento di San Francesco (Assisi), Convento di San Francesco Assisi Biblioteca, Sacro convento di S. Francesco Biblioteca, Biblioteca del Convento dei frati minori]",128538403.0,0000000123224101,,
43922,108,Library of Congress,Library of Congress,43526,"[Library of Congress (Estados Unidos), Library of Congress (Washington, DC), ספריית הקונגרס (וושינגטון), مكتبة الكونجرس (واشنطن), アメリカ合衆国議会図書館, Biblioteka Kongresu, Library of Congress (Washington, D. C.), Library of Congress Etats-Unis, Estados Unidos., Library of Congress]",151962300.0,000000012186288X‏,,
43923,108,Universitätsbibliothek Innsbruck,Universitätsbibliothek Innsbruck,43647,"[Universität Innsbruck. Universitätsbibliothek, Bibliothek des Ferdinandeums, Universitätsbibliothek (Innsbruck, Autriche), Universitäts- und Landesbibliothek Tirol, Universitätsbibliothek]",148337223.0,0000000123589004,,
43924,108,Arquivo nacional da Torre do Tombo Portugal,Arquivo nacional da Torre do Tombo,43600,"[Arquivo Nacional da Torre do Tombo (Lissabon), Arquivo Nacional da Torre do Tombo (Portugalsko), Portugal., Arquivo Nacional da Torre do Tombo, Arquivo Nacional da Torre do Tombo (Lisboa), Arquivo nacional da Torre do Tombo, Arquivo Nacional da Torre do Tombo Lisboa (P-Lant)]",150196534.0,0000000121839428,,
43925,108,Grand Séminaire,Grand Séminaire,43648,"[Séminaire de Liège (Belgique), Diocesan Seminary of Liège seminary in Liège, Grand Séminaire (Liège). Bibliothèque, Grand Séminaire Liège, Grand Séminaire Liège (B-Ls), Grand séminaire Liège, Belgique, Séminaire de Liège, Grand Séminaire de Liège]",150191213.0,0000000121839313,,
43926,108,Accademia delle scienze di Torino,Accademia delle scienze di Torino,43649,"[Accademia delle Scienze, Biblioteca Torino (I-Tas), Accademia delle scienze (Turin, Italie), Accademia delle scienze]",158005777.0,0000000121133345,,
43927,108,Bibliothèque-médiathèque,Bibliothèque-médiathèque,42694,"[Bibliothèque municipale (Metz), Bibliothèque municipale de Metz, Médiathèque Verlaine Metz (F-ME), Bibliothèque-médiathèque, Bibliothèque-médiathèque (Metz, Moselle)]",125874503.0,0000000121523546,,
43928,108,Staffordshire Record Office Stafford,Staffordshire Record Office Stafford,43415,[],2.7159032769901183e+19,,,
43929,108,University of Oregon. Library,University of Oregon. Library,43650,[],125387799.0,0000000107209323,,
43930,108,Houghton Library,Houghton Library,43457,"[Harvard University. Houghton Library., Harvard College Library (Cambridge Mass). Houghton Library, Houghton Library (Cambridge, Massachusetts), Houghton Library (Harvard), Houghton library Cambridge, Mass.]",155530939.0,0000000121904234,,
43931,108,Institut de France. Bibliothèque,Institut de France. Bibliothèque,43675,"[Bibliothèque de l'Institut de France Paris (F-Pi), Bibliothèque de l'Institut de France]",131799465.0,0000000121592437,,
43932,108,Bibliothèque nationale de France,Bibliothèque nationale de France,43675,"[França., Bibliothèque Nationale, Национальная библиотека. (Париж), Bibliotheque nationale de France (Paris), הספרייה הלאומית של צרפת, باريس. المكتبة الوطنية]",137156173.0,0000000123531945,,
43933,108,Château de Warfusée Saint-Georges-sur-Meuse,Château de Warfusée,43651,[],5.415903277970118e+19,,,
43934,108,Bibliothèque Ulysse Capitaine,Bibliothèque Ulysse Capitaine,43648,"[Bibliothèque Ulysse Capitaine de la Ville de Liège, Bibliothèque Ulysse Capitaine Liège, Belgique]",170025516.0,,,
43935,108,"Universiteit Antwerpen, Bibliotheek",Universiteit Antwerpen Bibliotheek,43652,[],1.0714464763724399e+20,,,
43936,108,Université de Nancy. Bibliothèque,Université de Nancy. Bibliothèque,42702,[Université Nancy Bibliothèque],124209716.0,0000000121070313,,
43937,108,Archivio di stato di Mantova,Archivio di stato di Mantova,43654,"[Archivio di Stato di Mantova archivio di Stato italiano, Archivio di Stato Mantova (I-MAa), Italie. Archivio di stato (Mantoue), Archivio di Stato (Mantova), Archivio di Stato (Mantua)]",134658682.0,0000000122893733,,
43938,108,Universitätsbibliothek Freiburg im Breisgau,Universitätsbibliothek,42791,"[Universität Freiburg im Breisgau. Bibliothek, Universitätsbibliothek Freiburg, Albert-Ludwigs-Universität Fribourg-en-Brisgau, Allemagne, Bibliothek, Universitätsbibliothek (Freiburg im Breisgau, Allemagne), Universitätsbibliothek Freiburg im Breisgau (D-FRu), Universitätsbibliothek (Fryburg Bryzgowijski)., Universitätsbibliothek Freiburg, Breisgau, Deutschland, Universitätsbibliothek]",143595522.0,0000000123314799,,
43939,108,Biblioteca angelica,Biblioteca angelica,43070,"[Biblioteca Angelica (Roma, Itália), Biblioteca angelica Rome, Italie, Biblioteca angelica (Rome, Italy), Biblioteca angelica (Roma), Biblioteca Angelica (Rome), Roma., Biblioteca Angelica, Biblioteca angelica (Řím, Itálie)]",172699374.0,0000000122904447,,
43940,108,Bibliothèque municipale,Bibliothèque municipale,42724,"[Rennes (France). Bibliothèque municipale, bibliothèques de Rennes, Rennes Bibliothèque municipale, Bibliothèque de Rennes Métropole Rennes (F-RE), Bibliothèque municipale de Rennes, Bibliothèque municipale de Rennes (França), Bibliothèque municipale Rennes, France]",133740490.0,0000000119399961,,
43941,108,Archives départementales du Puy-de-Dôme,Archives dép. Puy-de-Dôme,43655,"[Puy-de-Dôme Archives départementales, Archives départementales (Puy-de-Dôme), Archives Départementales du Puy-de-Dôme (Clermont-Ferrand), archives départementales du Puy-de-Dôme archives du département du Puy-de-Dôme, Archives départementales du Puy-de-Dôme Clermont-Ferrand (F-CFad)]",152093761.0,,,
43942,108,Archivio di Stato,Archivio di Stato,43656,"[Archivio di Stato di Udine, Archivio di Stato di Udine archivio di Stato italiano, Archivio di Stato Udine (I-UDa)]",125601096.0,0000000106586549,,
43943,108,Corpus Christi College Oxford,Corpus Christi College Oxford,43407,"[Corpus Christi College, Corpus Christi college Oxford, GB, Corpus Christi College (University of Oxford), Corpus Christi College Library Oxford (GB-Occc), Coleg Corpus Christi, Rhydychen, Corpus Christi College (Oxford). Library]",136008125.0,0000000106639073,,
43944,108,Biblioteca comunale dell'Archiginnasio,Biblioteca comunale dell'Archiginnasio,43635,"[Biblioteca comunale dell'Archiginnasio, Biblioteca comunale dell'Archiginnasio (Bologna), Biblioteca comunale dell'Archiginnasio (Bolonya, Itàlia), Biblioteca comunale dell'Archiginnasio (Bolonia), Biblioteca comunale di Bologna, Biblioteca comunale dell'Archiginnasio (Bologna, Itálie), Biblioteca comunale dell'Archiginnasio Bologna (I-Bca), Biblioteca comunale dell'Archiginnasio Bologne, Italie]",5.28414929628318e+21,0000000121081661,,
43945,108,Arxiu Comarcal de la Cerdanya,Arxiu Comarcal de la Cerdanya,43657,"[Archives régionales Cerdagne, Espagne, Arxiu Comarcal de la Cerdanya (ACCE) Puigcerdà (E-PG)]",312738705.0,0000000121969417,,
43946,108,Durham Cathedral. Library,Durham Cathedral. Library,43658,"[The Cathedral Library Durham (GB-DRc), Cathedral (Durham) Library, Cathedral library (Durham, GB), Durham Dean and Chapter Library]",155740166.0,0000000121909190,,
43947,108,Biblioteca Central,Biblioteca Central,43660,"[Biblioteca Central de la Diputación Provincial de Barcelona, Barcelona., Biblioteca Central de la Diputación Provincial, Barcelona (Provincia) Biblioteca Central, Biblioteca Central de Barcelona, Biblioteca Central de Barcelona (España), Biblioteca Central de Cataluña]",132077121.0,0000000111957164,,
43949,108,Bibliothèque municipale,Bibliothèque municipale,42628,"[Médiathèque Toussaint (Angers), Médiathèque Toussaint Angers (F-AN), Bibliothèque municipale d'Angers]",149783419.0,000000012182973X,,
43950,108,Biblioteca nacional Portugal,Biblioteca nacional Portugal,43600,"[Biblioteca Nacional, Biblioteca Nacional Portugalija, Biblioteca Nacional de Portugal, Biblioteca National]",160027068.0,000000010735714X,,
43951,108,Exeter Cathedral. Library,Exeter Cathedral. Library,43705,[],126643108.0,000000010682632X,,
43952,108,Real Academia de la Historia. Biblioteca,Real Academia de la Historia Biblioteca,43714,"[Real Academia de la historia Madrid, Biblioteca, Academia de la Historia, Madrid. Biblioteca, Real Academia de la Historia (Španělsko). Biblioteca, Real Academia de la Historia Biblioteca, Real Academia de la Historia (Espanya). Biblioteca, Biblioteca de la Real Academia de la Historia, Real Academia de la Historia (España) Biblioteca]",122074788.0,000000012096936X,,
43953,108,Victoria and Albert Museum,Victoria and Albert Museum,43399,"[Victoria and Albert Museum (Dundee), Amgueddfa Victoria ac Albert, Victoria and Albert Museum London, Victoria and Albert Museum (Londýn, Veľká Británia), Victoria and Albert Museum (Londres, Angleterre), Victoria and Albert museum (Londres, Royaume-Uni), Reino Unido., Victoria and Albert Museum, Victoria and Albert museum Londres, ヴィクトリアアンドアルバート美術館]",128776887.0,000000045904354X,,
43954,108,Biblioteca palatina di Parma,Biblioteca palatina di Parma,43686,"[Biblioteca Palatina Parme, Italie, Biblioteca Palatina, Biblioteca Palatina (Parma)., ספריית הפלאטינה (פארמה)]",142721807.0,000000012324708X,,
43955,108,Bibliothèque municipale,Bibliothèque municipale,42644,"[Bordeaux (France). Bibliothèque municipale, Bibliothèque municipale de Bordeaux, Bordeaux (Aquitaine, France). Bibliothèque municipale, Bibliothèque municipale (Strasburg), Bibliothèque Municipale]",154303241.0,000000011091869X,,
43956,108,Bibliothèque municipale de Grenoble,Bibliothèque municipale de Grenoble,42672,"[Bibliothèque municipale Grenoble (F-G), Bibliothèque municipale Grenoble, France, Bibliothèque Municipale, Bibliothèque municipale (Grenoble).]",146164457.0,000000010944284X,,
43957,108,Walters Art Museum,Walters Art Museum,43447,"[Walters Art Museum (Baltimore, Maryland), Walters Art Museum (Baltimore)]",128918374.0,000000040373611X,,
43958,108,National Library of Scotland,National Library of Scotland,43637,"[National library of Scotland (Édimbourg), Leabharlann Nàiseanta na h-Alba, Escócia., National Library, National Library of Scotland (Edinburgh)]",132075128.0,000000040606761X,,
43959,108,Musée Paul Arbaud,Musée Paul Arbaud,43633,"[Musée Arbaud, Musée Arbaud (Aix-en-Provence), Musée Paul Arbaud Aix-en-Provence, Bouches-du-Rhône]",127643535.0,000000012154497X,,
43960,108,Kongelige Bibliotek,Kongelige Bibliotek,43659,"[Det Kongelige Bibliotek (Danmark), Bibliothèque royale (Copenhague), Kongelige Bibliotek (Dinamarca), Kongelige Bibliotek (Kopenhaga)., Dinamarca., Kongelige Bibliotek, Kongelige Bibliotek (Kobenhavn), Det Kongelige bibliotek (København), Kongelige Bibliotek (Dānija), Kongelige Bibliotek, הספרייה המלכותית (דנמרק), Kongelige Bibliotek (Kaupmannahöfn), Det Kgl. Bibliotek, Kongelige bibliotek Danemark, Det ¤Kongelige Bibliotek, Det Kongelige Bibliotek på Slotsholmen - Den Sorte Diamant København (DK-Kk), Kongelige Bibliotek (Dánsko)]",138525910.0,000000012308732X,,
43961,108,Seminario di Padova,Seminario di Padova,43674,"[Seminario vescovile di Padova (Padoue), Seminario vescovile Padoue, Italie, Seminario vescovile (Padwa).]",147848776.0,000000009955939X,,
43962,108,Katholieke Universiteit te Leuven . Universiteitsbibliotheek,KU Bibliotheken,43676,"[Bibliothèque universitaire KU Leuven, Katholieke Universiteit te Leuven Universiteitsbibliotheek former owner of Philadelphia, Free Library, Lewis E 213, Sint-Maartensdaal (Löwen) Bibliotheek, Université catholique de Louvain 1435-1970, Bibliothèque, Katholieke Universiteit te Leuven. Universiteitsbibliotheek, Universiteitsbibliotheek-K.U. Leuven (Louvain)]",273696433.0,000000011940824X,,
43963,108,Archivio di stato di Bologna,Archivio di stato di Bologna,43635,"[Archivio di Stato (Bolonia)., Archivio di Stato, Archivio di stato (Bologna), Italie. Archivio di Stato (Bologne)]",154202136.0,000000012297076X,,
43966,108,Archivio storico regionale,Archivio storico regionale,43689,"[Archives Historiques Régionales (Aosta, Itália), Val d'Aoste. Archivio storico regionale]",128711793.0,,,https://www.regione.vda.it/cultura/archivi_e_biblioteche/archivio_storico/default_i.asp
43967,108,Archivio storico del Castello di Valperga,Archivio storico del Castello di Valperga,43968,[],,,Q267564,
43969,108,Biblioteca del Castello di Châtillon,Biblioteca del Castello,43610,[],,,Q267567,
43970,108,Qubbat al-Khazna,Qubbat al-Khazna,43611,[Qubbat Al-Hazna],6.171184981547772e+18,,Q79119,
43971,108,Fondazione Ezio Franceschini. Biblioteca,Fondazione Ezio Franceschini,43639,[Biblioteca della Fondazione Ezio Franceschini (FEF)],157705788.0,,Q267596,
43972,108,Biblioteca Riccardiana,Biblioteca Riccardiana,43639,[Biblioteca Riccardiana e Moreniana],132135446.0,0000000121099503,Q79184,
43977,108,Collection particulière Joseph Decaëns,Collection particulière Joseph Decaëns,43976,[],,,Q267424,
43978,108,Bibliothèque de l'Evêché,Bibliothèque de l'Evêché,43980,[Bibliothèque diocésaine Mgr Jean Bertaut],,,Q80408,
43988,108,Bibliothèque de la ville de Mons,Bibliothèque de la ville de Mons,43670,"[Bibliothèque de la ville de Tournai, Openbare Bibliotheek, Stedelijke Openbare Bibliotheek, Bibliothèque publique de la ville de Mons]",127889581.0,,,
43990,108,Abadía de Montserrat,Abadía de Montserrat,43989,"[Biblioteca del Monasterio de Montserrat, Kloster Montserrat, Montserrat (Abbey), Montserrat (Monestir), Monasterio de Montserrat]",311119610.0,,,https://abadiamontserrat.cat/es/fundacion/biblioteca-de-montserrat/
43992,108,Bibliothèque municipale,Bibliothèque municipale,42731,[Médiathèque municipale Saint-Étienne],158690404.0,,,http://www.bm-st-etienne.fr
43993,108,"Convento dei Cappuccini, Biblioteca Vipiteno",Convento dei Cappuccini Biblioteca Vipiteno,43091,"[Ordo Fratrum Minorum Capuccinorum. Provincia di Trento, Biblioteca Cappuccini di Trento, Convento dei Cappuccini, Biblioteca library in Vipiteno, Italy]",126995636.0,,,
43994,108,Biblioteca capitolare del Duomo,Biblioteca capitolare del Duomo,43618,[Biblioteca capitolare di Treviso],154940132.0,,,https://www.diocesitv.it/capitolaretv/
43995,108,Archives départementales du Pas-de-Calais,Archives dép. Pas-de-Calais,43706,"[Archives départementales du Pas-de-Calais Arras (F-ASad), Archives départementales du Pas-de-Calais archives du département du Pas-de-Calais (62), Archives départementales (Pas-de-Calais), Archives départementales du Pas-de-Calais, Pas-de-Calais (France). Archives départementales]",139140500.0,0000000121691515,,https://www.archivespasdecalais.fr/
43997,108,Kupferstichkabinett,Kupferstichkabinett,43580,"[Kupferstichkabinett Berlin, RDA, Staatliche Museen zu Berlin (Germany : East). Kupferstichkabinett]",158244037.0,,,
43999,108,Universitäts- und Forschungsbibliothek,Universitäts- und Forschungsbibliothek,43998,"[Universitäts- und Forschungsbibliothek Erfurt/Gotha, Forschungsbibliothek Gotha der Universität Erfurt Gotha]",152174356.0,,,https://www.uni-erfurt.de/forschungsbibliothek-gotha
46307,108,Bibliothek des Germanischen Nationalmuseums,Bibliothek des Germanischen Nationalmuseums,42881,[],131883509.0,,,
46319,108,Den Arnamagnæanske Samling,Den Arnamagnæanske Samling,43659,[],1.2314899593375975e+20,,,
46324,108,Stofnun Árna Magnússonar,Stofnun Árna Magnússonar,42953,[],143048087.0,,,
46399,108,Stadsarchief,Stadsarchief,43347,[],126477668.0,,,
47347,108,Bayerische Staatsbibliothek,Bayerische Staatsbibliothek,47346,"[Bayerische Staatsbibliothek (München), Bawarska Biblioteka Państwowa, Bayerische Staatsbibliothek München (D-Mbs)]",129557156.0,,Q32916,
47348,108,"Donaueschingen, Fürstlich-Fürstenbergische Hofbibliothek","Donaueschingen, Fürst. Fürstenb. Hofbibl.",47346,[Fürstlich-Fürstenbergische Hofbibliothek Donaueschingen],168671893.0,,Q244032,
47350,108,Koninklijke academie voor Nederlandse taal en letteren,Kon. Acad. Ned. Taal- en Letterk.,43690,[Koninklijke vlaamse academie voor taal- en letterkunde],219233094.0,,Q267469,
47351,108,Rijksarchief te Antwerpen,Rijksarchief te Antwerpen,43652,[],237196617.0,,,
47356,108,Universitätsbibliothek München,Universitätsbibliothek,47346,[Ludwig-Maximilians-Universität München Universitätsbibliothek],146551110.0,0000 0001 2342 2802,Q79595,
47358,108,Ruusbroecgenootschap Universiteit Antwerpen - Bibliotheek,Bibl. Ruusbroecgenootschap,43652,[],,,,
47361,108,Gemeentebibliotheek Rotterdam,Gemeentebibliotheek,43364,[],153684222.0,,,
47363,108,Biblioteca Batthyáneum,Bibl. Batthyáneum,43167,[],132555279.0,,,
47364,108,National Library of the Czech Republic,National Library,43579,"[Národní knihovna České republiky, Национальная библиотека Чешской Республики, Bibliothèque nationale de la République tchèque, National Library of the Czech Republic]",135195765.0,,,
47365,108,Rijksuniversiteit Utrecht Bibliotheek,Rijksuniversiteit Bibliotheek,43681,[],143682339.0,,,
47524,108,Stiftsbibliothek,StiftsMuseum / Archiv / Bibliothek,47523,[],126075717.0,,,
47525,108,Museum Plantin-Moretus,Museum Plantin-Moretus,43652,"[Musée Plantin-Moretus Anvers, Belgique, Museum Plantijn-Moretus Antwerpen]",130668175.0,,,
47526,108,Latvijas nacionālā bibliotēka,Latvijas nacionālā bibliotēka,43587,"[Biblioteka Narodowa Łotwy, Latvijas nacionâlâ bibliotçka, Riga, Stadsbibliotheek]",148127403.0,,,
47527,108,Országos Széchényi Könyvtár,National Széchényi Library,43585,[National Széchényi Library],147133105.0,,,
47809,108,Uppsala universitetsbibliotek,Uppsala universitetsbibliotek,43267,[Uppsala University Library],139714542.0,,https://data.biblissima.fr/entity/Q80036,https://www.uu.se/en/library
47810,108,Landsbókasafn Íslands-Háskólabókasafn,National Library,42953,[National and university library of Iceland],128288021.0,,,
47811,108,Riksarkivet,National Archives,43592,[National Archives of Norway],153010642.0,,,
48415,108,Université de Liège. Bibliothèque,Bibliothèque Générale de l'Université,43648,"[Bibliothèques de l'université de Liège, Bibliothèque Générale de l'Université]",137970439.0,,,
48416,108,Provinciale Bibliotheek van Friesland,Provinciale Bibliotheek van Friesland,43354,[Provinciale bibliotheek Frise],129907462.0,,,
48417,108,Société archéologique de Namur. Bibliothèque,Société archéologique de Namur. Bibliothèque,43716,[],5.291594743389277e+20,,,
48418,108,Universitätsbibliothek Greifswald,Universitätsbibliothek,42798,[],142485406.0,,,
48420,108,Památník národního písemnictví,Památník národního písemnictví,43579,[],124767939.0,,,
48421,108,Rijksuniversiteit Groningen. Universiteitsbibliotheek,Rijksuniversiteit Groningen. Universiteitsbibliotheek,43352,[University of Groningen Library],155670113.0,,,
48422,108,"Gesamthochschul-Bibliothek Kassel, Landesbibliothek und Murhardsche Bibliothek.",Gesamthochschul-Bibliothek,48423,[],172673709.0,,,
48424,108,Universitäts- und Stadtbibliothek Köln,Universitäts- und Stadtbibliothek,47379,[],121635017.0,,,
48425,108,Onze-Lieve-Vrouwecollege,Onze-Lieve-Vrouwecollege,43652,[],141657691.0,,,
48426,108,Historisches Archiv der Stadt Köln,Historisches Archiv der Stadt Köln,47379,"[Cologne Allemagne, Historisches Archiv, Cologne Historisches Archiv]",143699716.0,,,
48427,108,Fürstlich Bentheimsche Bibliothek,Fürstlich Bentheimsche Bibliothek,47366,[],1.0614464764120005e+20,,,
48428,108,Hessisches Staatsarchiv Marburg,Hessisches Staatsarchiv,48429,[],155417613.0,,,
48430,108,Württembergische Landesbibliothek,Württembergische Landesbibliothek,42911,[],164844730.0,,,
48431,108,Nordrhein-Westfälisches Staatsarchiv Münster,Nordrhein-Westfälisches Staatsarchiv,43615,[],126724946.0,,,
48432,108,Stadsarchief te Gent,Stadsarchief te Gent,43690,[],151414770.0,,,
48433,108,Provinciebibliotheek Nederlandse Jezuïeten,Provinciebibliotheek Nederlandse Jezuïeten,47378,[Statie van de Jezuïeten te Nijmegen],,,,
48434,108,Statens historiska museum,Statens historiska museum,42574,[],148571114.0,,,
48435,108,Archivio di Stato,Archivio di Stato,43100,[],168490697.0,,,
48436,108,Archives de l'État,Archives de l'État,43150,[],152346860.0,,,
48437,108,Thüringer Universitäts- und Landesbibliothek Jena,Universitätsbibliothek,47380,[],125779981.0,,,
48438,108,Erzbischöfliche Diözesan- und Dombibliothek,Erzbischöfliche Diözesan- und Dombibliothek,47379,"[Dombibliothek, Erzbischöfliche Diözesan- und Dombibliothek Köln mit Bibliothek St. Albertus Magnus]",126431685.0,,,
48439,108,Bourbourg Médiathèque municipale,Médiathèque municipale,47374,[Q234313],2.3146825506307633e+19,,https://data.biblissima.fr/w/Item:Q234313,
48440,108,Univerzita Karlova. Katedra pomocných věd historických a archivního studia,Univerzita Karlova. Katedra pomocných věd historických a archivního studia,43579,[],150288598.0,,,
48441,108,Rijksarchief in Zeeland,Rijksarchief in Zeeland,47367,[],267226829.0,,,
48442,108,Studien- und Zentralbibliothek der Franziskaner,Studien- und Zentralbibliothek der Franziskaner,43615,[],133110271.0,,,
48443,108,Stadtarchiv Mengeringhausen,Stadtarchiv Mengeringhausen,48444,[],154825970.0,,,
48445,108,De Pastorie,De Pastorie,48446,[],,,,https://www.wezemaal3.be/depastorie
48447,108,Stadsarchief gemeente 's-Hertogenbosch,Stadsarchief gemeente 's-Hertogenbosch,47368,[],6.281678074040181e+20,,,
